ID,no_financial_services,other_only,mm_only,mm_plus
2352,2.3609841895200327e-05,5.073890645112162e-05,0.17531583902671785,0.8246098122249359
8208,0.0056038534363336175,0.03339125194300043,0.08943310281192574,0.8715717918087401
2785,1.930699490337196e-05,0.000292228421390729,0.09440501963546613,0.9052834449482399
2967,0.5151343015659456,0.3463575679568127,0.01095402414078021,0.1275541063364615
1697,0.00011856453259514505,0.0003747868772374259,0.06007140040622998,0.9394352481839374
4794,0.00911930397867316,0.06201620182077341,0.13778553906064123,0.7910789551399122
2675,0.02371394700010491,0.0290796250473978,0.2460482601178452,0.7011581678346521
2989,1.8552060040317527e-05,0.00029632275469172964,0.10554555549387874,0.8941395696913893
1634,0.32386958215514244,0.4846893193356547,0.05463259341253983,0.13680850509666304
4147,0.020995793209014287,0.042495639517251875,0.08535433439191949,0.8511542328818144
8003,0.0017666396185904854,0.08323927876560827,0.00639410435127998,0.9085999772645212
1058,0.13064851881528802,0.2153196034957717,0.06523541000639821,0.588796467682542
8172,0.07394382225276684,0.8460787772889724,0.032174157429662884,0.04780324302859775
2640,0.6116954897313968,0.3260412421521931,0.02327681358871754,0.03898645452769269
1233,0.003314588890076179,0.0035396505343406573,0.05323289063216635,0.9399128699434167
8632,0.00035792797672393217,0.00050041535361735,0.17018401342643039,0.8289576432432283
4548,0.014126168790501636,0.04466872823306338,0.13943896837468123,0.8017661346017538
1032,0.6570714549545642,0.2812651225609715,0.008859877197659018,0.052803545286805184
270,0.0005299322712864641,0.001834620433462995,0.024491151940590122,0.9731442953546604
5516,0.021719001163994105,0.1693541780489222,0.06038962726288573,0.7485371935241979
1289,0.00015006310089507209,0.0002571319562032797,0.07392408276543762,0.9256687221774641
376,0.25592487062862196,0.2731718532904578,0.06216076860263587,0.4087425074782844
5856,3.6261386425543715e-05,0.00012022622361782463,0.0076043169580852395,0.9922391954318714
2588,8.727651278340761e-05,0.0001372195510112723,0.009340537343446052,0.9904349665927592
1348,0.00010719621459890961,0.00031634017593207666,0.04904534844675842,0.9505311151627106
8391,0.00014637530170547023,0.00031146252792947936,0.02480081275369056,0.9747413494166746
2616,0.3713930228967396,0.5872455733407601,0.003993814618687758,0.03736758914381267
5154,0.00047944866961994635,0.001289179880345062,0.24653108905911855,0.7517002823909165
869,0.11035538492105383,0.7625717793739116,0.010855252093294973,0.11621758361173953
6625,0.3491890400838704,0.5879833414997999,0.004153916990602873,0.05867370142572694
1423,0.0009730927910748776,0.0023075832325422075,0.06476221800980267,0.9319571059665802
2276,0.0038302191091574072,0.007112199335037101,0.23012324436100026,0.7589343371948053
4252,0.023918215485204918,0.05650634516865444,0.14154870017507815,0.7780267391710625
1311,0.00029922600483500326,0.0013186129637056982,0.061681424280131125,0.9367007367513281
1534,0.000268071400564775,0.0005844285570939979,0.013998983614488508,0.9851485164278527
4059,2.1007169295424624e-05,0.00046211673916813403,0.18115046716048597,0.8183664089310504
970,0.19661361125118473,0.6431503274987668,0.028546678744005814,0.1316893825060427
1712,0.01737831534235279,0.007653497567275713,0.13181678431103366,0.8431514027793379
588,0.0004820067470896902,0.0025430585120706957,0.0354391156808438,0.9615358190599959
252,0.0007020190997838845,0.003210629605500512,0.029374540637030766,0.9667128106576848
2204,0.44987406783415923,0.5423309312258945,0.004011084037453376,0.0037839169024927845
6038,0.26031911670824026,0.6347628854867933,0.03783929281983186,0.06707870498513457
64,3.7199572060749134e-05,0.0003049573347833956,0.011752379462230919,0.9879054636309248
1873,3.5948182027440425e-05,0.0001311222591017829,0.012108750573305734,0.9877241789855651
1627,0.32357643836555616,0.6706246484340297,0.002519435838756117,0.003279477361658074
1052,0.0007684087115221309,0.0012604867150370395,0.6699714681624592,0.3279996364109816
1391,0.0003675419171567362,0.0035601958934345654,0.04973606992438449,0.9463361922650241
4800,0.00012654159492487735,0.0006075148812877206,0.02027352069733164,0.9789924228264557
3958,9.781476586159038e-05,0.0004309644547131166,0.21930064173008856,0.7801705790493367
4351,0.0001387413941458442,0.0006260660502273645,0.020700980582904833,0.978534211972722
241,2.018609498881809e-05,1.685719773102423e-05,0.11932800979574765,0.8806349469115327
6626,0.000463276704342599,0.0015495775760498195,0.15563607400223123,0.8423510717173763
1948,0.0002563575144657877,0.00027644604240521976,0.19853699406456018,0.8009302023785688
6748,0.16282379823719978,0.751440730874884,0.023229191175299365,0.06250627971261681
14,0.029794466861830057,0.091705116532482,0.02033866471508671,0.8581617518906012
1709,0.0034235273719530096,0.0031958778782699053,0.17472527675900693,0.8186553179907702
6893,0.0009837444146741895,0.0014683809224232023,0.4760018341839788,0.5215460404789238
6183,0.4309355951811779,0.5296169955224169,0.016592723838874265,0.022854685457530877
4650,0.4571178196745903,0.5304059263816666,0.0009167294735918258,0.011559524470151333
4039,0.2297807896006189,0.6926691993142031,0.021568194274684694,0.05598181681049334
566,0.006292299756463767,0.01721385604536585,0.03343944232332961,0.9430544018748408
5108,0.0004679093649338553,0.007076971113715517,0.005321369936146573,0.9871337495852041
378,0.0001212879363764606,0.00010728124481000796,0.02042080486280505,0.9793506259560085
2374,0.00014560981753807608,0.0009641886945148632,0.021779604237046692,0.9771105972509004
5703,0.0015719877150093206,0.001936557624377575,0.04599604755423314,0.95049540710638
365,0.000737065531027726,0.0010006930912919122,0.16234200072291213,0.8359202406547682
3048,0.05859355029340671,0.2598257666322956,0.27749004174727976,0.4040906413270179
363,0.00020049748547034657,0.0008297362571728219,0.090779559831143,0.9081902064262138
6190,0.017027449147329836,0.016905663774675183,0.16159674241590868,0.8044701446620863
4505,0.0317211149058636,0.020296986760348208,0.29306741400357916,0.654914484330209
1513,0.000686155692051206,0.01209561341730859,0.09582055414377118,0.891397676746869
3475,0.0010924924508789462,0.004990827223073618,0.1551104787649188,0.8388062015611287
768,0.16093690592233958,0.17687312913331996,0.31952618363520097,0.3426637813091395
4673,0.01503615824307041,0.03102590351816397,0.42060102523448906,0.5333369130042765
2924,0.00013730256791796857,0.0003447283782240744,0.17056321571994626,0.8289547533339117
5199,0.00015920826849195896,0.0005999487727799357,0.02498400047533597,0.9742568424833922
6079,0.02885516398576368,0.009259196168012766,0.1383729164020488,0.8235127234441748
39,0.0016950063879446827,0.001767955162372215,0.105210334990201,0.8913267034594821
3518,0.0004914125211362035,0.0008469411891478176,0.06648025640683478,0.9321813898828812
1576,0.10846214435262375,0.7325376901416792,0.04861112722175737,0.11038903828393966
835,4.707316704115753e-05,6.737809941003712e-05,0.12761030518659602,0.8722752435469527
1356,0.29230083229962267,0.7017872808178973,0.0028265496585667222,0.0030853372239132495
1355,8.195965366933824e-05,0.00029785373289359124,0.08029768073888205,0.9193225058745549
7353,0.0015431793826700866,0.0015204238130316237,0.5001860305432831,0.4967503662610151
1894,0.5719973831460202,0.40277710325637384,0.012408529336812397,0.012816984260793514
5722,0.00018231784428111264,0.00010219367585190114,0.013054346089251937,0.986661142390615
6712,0.00025237696241412085,0.0009434780326064931,0.023777610111426047,0.9750265348935533
9172,0.048329475195973116,0.317317282036803,0.0710888653098647,0.5632643774573591
258,8.359479313184717e-05,8.609978262198144e-05,0.3061960957160205,0.6936342097082256
1023,0.2762342070052313,0.3708643222659176,0.18317624284869302,0.16972522788015804
674,0.00550858328044265,0.010518938607312555,0.2918538382064339,0.6921186399058109
2230,0.12330096285876005,0.49284271147600034,0.17817255744403154,0.20568376822120815
5386,0.003509156262821393,0.03122330839990946,0.017288901289221024,0.947978634048048
9017,0.0002071002680011679,0.0008326828619181145,0.05318644279690457,0.9457737740731761
2819,0.4342614014087057,0.5434626185039066,0.009056197441289555,0.013219782646098042
8998,0.4803634195382849,0.5013424148608292,0.009832609621392483,0.00846155597949346
5181,0.009700240043385194,0.09018309586781104,0.022647196519952267,0.8774694675688514
2131,0.0011235718988281665,0.014209295306164825,0.08211386645924156,0.9025532663357655
1087,0.0013811948172126603,0.0032488732256573424,0.04927222861226699,0.946097703344863
4144,0.35113408965081155,0.46212671072881617,0.0450349395537822,0.14170426006659015
7239,0.0006621189330671704,0.042283703024799085,0.16829007757447076,0.788764100467663
6119,0.14698850146781853,0.7382036266105724,0.06129573276675534,0.053512139154853845
3839,0.004098957640161717,0.004360527512123703,0.061100197332814854,0.9304403175148998
4847,0.3313049278010426,0.6236888030118083,0.023389562746447684,0.021616706440701385
553,0.0032802464115957684,0.003044361900696846,0.1048561216831111,0.8888192700045964
6917,0.009587021851286594,0.15358645819645622,0.10943142155828563,0.7273950983939715
8430,0.23104990507310433,0.5851612366685638,0.03792222694846347,0.1458666313098683
6201,0.0013260088866477535,0.009492649199771053,0.0849225461738432,0.904258795739738
4062,0.1676597235038187,0.8154261352283424,0.002547777968582884,0.014366363299255943
5123,0.0006911682568950333,0.0012257226919909598,0.058162919261482766,0.9399201897896312
5442,0.0022218767360228835,0.0026706941409753724,0.1008861015563521,0.8942213275666495
610,0.4658058439843073,0.44749089296675953,0.054853548200241305,0.03184971484869196
1631,0.15393394298846003,0.8311557926136741,0.0016175796920527882,0.013292684705813192
2177,0.2702776488630952,0.6882678817875785,0.009152070406630856,0.03230239894269539
7282,0.00019232573041075813,0.000866347531284044,0.04692496012030539,0.9520163666179998
5140,0.0015876049946019705,0.005982641189443695,0.3917415914161437,0.6006881623998107
2980,0.00011411869268972411,0.0005713121062042455,0.22214271823404502,0.7771718509670611
391,0.0033469659320379402,0.01333096854255119,0.35834254347622124,0.6249795220491896
5579,0.22863802642501987,0.7449907804189914,0.01289011838704033,0.013481074768948399
3740,0.19678553037449792,0.7844753029450564,0.0006842727628667291,0.018054893917579053
5447,0.01237374051683556,0.22158543802975872,0.06175579545969361,0.7042850259937121
6998,0.0002234638348380227,0.0011332965577755614,0.1169587158792444,0.881684523728142
3778,0.20007916152380073,0.7656122047474079,0.013466232332610682,0.02084240139618067
3366,0.4711053616783209,0.5072718519949281,0.003935621801601475,0.017687164525149596
3445,0.847458565625486,0.08749914709635415,0.05830623359422711,0.006736053683932592
1366,0.00028163779737060417,0.00041668808399888865,0.1594558517510538,0.8398458223675767
3312,0.004424991190704471,0.005806463896200513,0.624003139781448,0.3657654051316471
2962,0.529988382438335,0.3942671147732578,0.01767266597789226,0.05807183681051492
4659,0.02417318286222069,0.8198062191432298,0.008864980129965394,0.14715561786458423
6506,0.0017610262987667632,0.013951266653309287,0.6003236771774456,0.3839640298704784
4456,0.0032254332135434396,0.006448700460282346,0.5104283549914406,0.4798975113347335
5735,0.27549635259970334,0.7161958287851223,0.0006409216343152334,0.007666896980859014
1622,0.25454919005145,0.7147793942528682,0.014166989226249701,0.01650442646943214
537,0.000357211373340884,0.0016042740842991355,0.09050590658508587,0.9075326079572742
1493,2.1008586754796283e-05,0.0002730647701712677,0.0054601835782176495,0.9942457430648564
47,0.0014866730132046253,0.006146850693452409,0.009261415804641994,0.9831050604887009
2517,0.011148546451391596,0.02895899809935221,0.04767839313505789,0.9122140623141983
5544,0.0002651217148192928,0.0008677183331824013,0.005391199027335305,0.993475960924663
9196,6.961947421275683e-05,0.0013583362555190637,0.00905660773150997,0.9895154365387582
86,0.0014864427064181917,0.005246530513521578,0.011871834444974288,0.9813951923350859
8598,0.0004060781231608163,0.0010807048986793551,0.023021429613836488,0.9754917873643234
4970,3.766023469920466e-05,0.0004513301204891068,0.15632789424438953,0.8431831154004221
4291,0.0011088520445483654,0.004903350785146636,0.24554390331931827,0.7484438938509868
3503,0.25747194058812906,0.4839070855596832,0.07418440771765357,0.1844365661345341
5084,0.00325231408783763,0.002328357011630059,0.022600586294351886,0.9718187426061804
5453,0.0006483030652574507,0.001059373511539441,0.03491658835821402,0.9633757350649891
1912,0.00032957777057735936,0.0007062633811433664,0.28141600764665253,0.7175481512016267
8833,0.0006788510881635627,0.0008359891134430754,0.2438042494381841,0.7546809103602093
8564,0.4227573727924736,0.5502269387085197,0.016454312699389493,0.01056137579961703
7635,1.1472054542649644e-05,0.0005300488558482392,0.05916405891430237,0.9402944201753068
1573,0.010983875318208656,0.22946491863555402,0.16643531389517355,0.5931158921510638
8148,0.000828385488590797,0.00723653255535715,0.010652603155793586,0.9812824788002585
7511,0.22668777621927702,0.7004233629890761,0.02491516179908912,0.04797369899255769
5477,0.00010047536850730905,0.0003415703086196928,0.07078170941476587,0.9287762449081071
5070,0.020678072560981694,0.021670377556415554,0.35696348993994,0.6006880599426627
4710,0.003932132543421095,0.04041270618093721,0.013859484206056417,0.9417956770695852
1990,0.004211181307668472,0.0012746807309681387,0.11598441932396317,0.8785297186374001
9124,0.0007858428897800823,0.0007196096145517269,0.14045635145496688,0.8580381960407014
3574,0.00025909157190393857,0.00027976012917064504,0.08519697148636403,0.9142641768125614
7919,0.03410501101505671,0.0067218934943648525,0.47549446065778567,0.48367863483279266
7298,0.001577475240252927,0.010063666798350458,0.2363453091473617,0.7520135488140349
7328,0.22427200480297577,0.7470033251969898,0.02071815946703849,0.008006510532996003
5360,0.018154384436741163,0.028714527123630505,0.10188046952359986,0.8512506189160285
2899,0.022158519758611973,0.1879811185655226,0.22329899865990605,0.5665613630159594
2323,0.0007609420927033306,0.0033609482851817657,0.11537556155373462,0.8805025480683802
4299,0.0003698604709563959,0.0019421273080342052,0.012312872935595496,0.985375139285414
7124,1.6706093885032136e-05,8.287884626189625e-06,0.024854386386476652,0.9751206196350121
4244,0.0005101625308192758,0.0015777524601293695,0.04417438799401636,0.953737697015035
458,0.00021992525626872528,0.0002934004227149472,0.09988290792418056,0.8996037663968358
4406,0.001389758884527986,0.022120826232638956,0.02434765314362123,0.9521417617392118
8066,0.001805965786484431,0.014906077374280988,0.03889453827429504,0.9443934185649396
7823,0.23373326465834526,0.43034666993884424,0.13387152950055933,0.20204853590225116
6502,0.0711480200752151,0.9111626249127763,0.008541754114415599,0.009147600897592912
6295,7.553536617141542e-05,0.00035779087941628765,0.21237773295090515,0.7871889408035072
2612,0.5884589034936237,0.33895692295376023,0.027047996794992514,0.045536176757623524
3540,0.08594370434288295,0.21001707774103578,0.14935904892891846,0.5546801689871628
3569,0.00047304612877516525,0.0034446401457457884,0.07024751344430058,0.9258348002811785
5467,0.02507541751726117,0.022495162988581067,0.25989787703520933,0.6925315424589484
2100,0.05207655643167559,0.20312096746265687,0.4613785671845412,0.28342390892112646
2806,5.0634378472068515e-05,0.0004397479496168602,0.05568048677492827,0.9438291308969828
126,0.00014677862931810156,0.00024153414681207469,0.04386848289145217,0.9557432043324177
5114,0.0010020775106781687,0.001236202969113495,0.3307942122697013,0.666967507250507
465,0.011956081165739027,0.007459674341879498,0.10699468534811775,0.8735895591442636
7488,0.0017453224977937918,0.0038009718018790417,0.12648663216574887,0.8679670735345782
813,0.416731085388059,0.4415686831588816,0.011327975630428838,0.13037225582263068
6827,0.00015165910972782416,0.0013539856128635236,0.03421193542902821,0.9642824198483804
122,0.0022876156963384697,0.008328226984959632,0.09690323016468443,0.8924809271540175
1225,7.723028424847924e-05,0.00022153822334419,0.08054419804724945,0.9191570334451579
1402,0.002413528906651463,0.003125059390019155,0.022377181405913736,0.9720842302974158
78,0.0011602651027101307,0.013661586476195744,0.15440538501185996,0.8307727634092342
1522,0.3362579473605264,0.5404168095882795,0.03851612829312124,0.0848091147580729
7196,0.006431629037472551,0.0062528181575331075,0.3871743531543937,0.6001411996506006
2518,7.229581921366816e-05,0.00023390544816880685,0.041804672469227214,0.9578891262633904
7092,0.00017818403848059348,0.0004736882402814508,0.11747681545119244,0.8818713122700456
2530,0.0006801518043622536,0.0009142702771182143,0.00910653081580297,0.9892990471027165
6166,0.3371835193734183,0.5574461529949845,0.044985951045649314,0.06038437658594793
585,0.0026573567322061183,0.004297166486205394,0.028147025669503986,0.9648984511120845
8610,0.003603710528625477,0.0011599438989515602,0.09739366405594747,0.8978426815164755
174,0.00024813711391264836,0.003474285795158629,0.0732016036744628,0.9230759734164659
7615,0.1515119539136885,0.8335524395181797,0.0017009239792589797,0.013234682588872866
79,0.00017369488909076326,0.00039014162858301994,0.06722320864063591,0.9322129548416903
6906,0.00012913072201795137,0.0013661498722980661,0.03780934093547126,0.9606953784702127
2001,9.004904890295869e-05,0.00014351947110817517,0.06768538458725265,0.9320810468927362
7087,0.0003690058631292415,0.002612635152497433,0.006473195150333678,0.9905451638340397
8958,0.0010085418881030097,0.0003369330370593772,0.04858403674356354,0.950070488331274
6110,0.0005023426863885472,0.0002315893494623309,0.027927335000687767,0.9713387329634613
2803,0.0013957843986894067,0.0019741448643463867,0.058991793899281206,0.937638276837683
239,1.6820925664043377e-05,2.897857719064156e-05,0.024499812083106427,0.9754543884140388
8880,0.0007026924115114804,0.0004980579752784964,0.06434665836610305,0.9344525912471069
4462,0.003434988964209668,0.05964494426204707,0.05378191955047067,0.8831381472232727
3030,0.4806344467504377,0.4458132141073982,0.05451300232327927,0.01903933681888478
8895,0.0008476946556143007,0.005372332556492986,0.06102145376809478,0.9327585190197979
2705,0.5169738827962201,0.4667576116790207,0.003207329386725468,0.013061176138033771
1892,0.000398316233701747,9.90220797548704e-05,0.22091761035191462,0.7785850513346287
8894,0.11140265174033283,0.3783810996266944,0.05728038857061419,0.45293586006235864
9415,8.105492748459211e-05,0.0007916772362936557,0.10412547252667068,0.8950017953095512
7218,0.0005170750642624546,0.22795983677663878,0.0153160150321903,0.7562070731269085
1193,0.00010155580387130654,0.00013467347094144435,0.015096962161958338,0.984666808563229
25,0.008343072459562879,0.007510422667530038,0.06164229067645623,0.9225042141964508
3038,0.03262844299556658,0.08038398029918502,0.2939595599441598,0.5930280167610886
6365,0.00437675007185337,0.023701660245747547,0.01773379791126267,0.9541877917711366
1730,0.0004935829648958886,0.0007813551977165924,0.17078535962687294,0.8279397022105146
7550,0.0012670613796306185,0.0010854251426135255,0.1892168842347759,0.80843062924298
5787,4.705515533529703e-05,0.00019349898216594052,0.026937451928973868,0.972821993933525
7460,0.054061691827164415,0.2046136232121861,0.10193766444604603,0.6393870205146035
6776,0.021696626660934207,0.6758040828703193,0.11996466989829802,0.1825346205704484
6813,0.28175665361391417,0.6811196986300931,0.014511258273801963,0.02261238948219076
7490,0.0020543125784032255,0.027475852004904308,0.15650733369817676,0.8139625017185156
6442,0.4002141751575735,0.5683463045604,0.024920857576125763,0.0065186627059006215
791,5.806343581366151e-05,0.0001900875767798347,0.019439754922817853,0.9803120940645886
8324,0.0010276556357848448,0.0023425224380225055,0.20219306936926926,0.7944367525569235
5474,0.0007107347275475037,0.00048541486112690935,0.07446016438916954,0.9243436860221561
3735,0.008902100963755183,0.006451795330789453,0.13329659452261225,0.8513495091828431
9256,0.0009054523154927779,0.000184729843951864,0.08164575846808081,0.9172640593724745
9250,0.01433981471690654,0.022050355598619974,0.7962691726051004,0.16734065707937312
2651,0.000393324506587418,0.007495545236838755,0.14962068999429046,0.8424904402622834
351,0.0034551971032059504,0.016614069588647484,0.2501964843663689,0.7297342489417776
8997,0.48687362694540187,0.502521771290016,0.00701714476639166,0.003587456998190454
3443,7.750461342604609e-05,0.0003766248111331719,0.07945185328461007,0.9200940172908306
8141,0.0003292761648951199,0.0022283176374903466,0.14245139969749168,0.8549910065001229
2220,0.135213956248383,0.8021662010532497,0.007909500248422711,0.05471034244994462
6467,0.0003325455012308629,0.00883068796910606,0.023638140381297412,0.9671986261483657
1143,0.0020589600677136644,0.0024841788839046926,0.2230882279493605,0.7723686330990212
6971,0.5403170340982626,0.4418062597474747,0.008393503941726933,0.009483202212535746
5461,0.5086067899274845,0.4525694622072864,0.013897147803310661,0.024926600061918394
7577,0.006918614650496773,0.019224609028127077,0.09916831394925993,0.8746884623721163
6727,0.004457851158092849,0.0041547560289793995,0.22041863774676346,0.7709687550661644
4339,0.002060930844053317,0.00809973336666503,0.04849994155888133,0.9413393942304004
8271,0.3034090870127587,0.607596903209712,0.020810424381613905,0.06818358539591518
8270,0.22486034621592868,0.7408051472405636,0.0058739681379958355,0.028460538405511878
2411,0.0035859719757930335,0.00874285762199052,0.30911385007531644,0.6785573203269
611,0.44097683996649856,0.5249668109918715,0.021873432309528797,0.012182916732101296
2400,0.0002162789451186622,0.0011476876769361069,0.1807757471401241,0.8178602862378213
3719,0.00037017538238836385,0.0008029831060748772,0.018308489513786746,0.9805183519977501
1206,0.002546012349376882,0.03742673813756788,0.04181956403786445,0.9182076854751908
4400,0.14224014795874482,0.850118278078886,0.002142756123754609,0.005498817838614616
7234,9.44184769865777e-05,0.0004143462201208593,0.053435526250699784,0.9460557090521927
6770,0.10447977044450243,0.5922005288239197,0.16959628287772688,0.13372341785385092
5885,0.0006757505785566557,0.001713722670353115,0.037710129364847675,0.9599003973862427
5464,0.13650222979045526,0.02860501582894061,0.04815179189954257,0.7867409624810614
9236,0.011383537809632206,0.18773665202905732,0.11070071090853742,0.690179099252773
5760,0.025510153849986505,0.15313933507427252,0.07752874282659201,0.743821768249149
3090,0.0015411374199208274,0.0018520054111098438,0.29399962477390573,0.7026072323950636
1728,0.005651165200857331,0.006631805458481538,0.1131857621115905,0.8745312672290706
182,0.00198285063321557,0.0026590907351409965,0.08549845529247704,0.9098596033391665
654,0.0001223486658883406,0.00014991595633001955,0.019359283478052703,0.980368451899729
7595,0.00048154333310653776,0.0016014184817966768,0.1388889950280323,0.8590280431570644
3610,0.03214348498466312,0.09220533904245924,0.024144236954021837,0.8515069390188557
3833,0.0023005692778663247,0.0062031587228707835,0.14040212009983224,0.8510941518994307
3570,0.0006525798485722433,0.0012615299667107036,0.1340905980322267,0.8639952921524904
1704,0.0009736357781458546,0.0005131547772056476,0.05353520923833382,0.9449780002063147
3317,0.0013344355573102617,0.002124763853249311,0.09777442486598782,0.8987663757234525
7417,0.2257055795800557,0.28443147110461847,0.1764913100027507,0.3133716393125751
4307,0.038981770008698804,0.04583146091225315,0.1220419641122232,0.7931448049668248
3857,0.0006944474354280955,0.0033350510337480355,0.05248454080783382,0.9434859607229901
3856,0.08214709012776363,0.6082854185120148,0.07853285341569467,0.23103463794452694
7446,0.18294388971120085,0.7742687200150958,0.009139863865247297,0.03364752640845597
1612,0.0008925343958878589,0.011280033898584797,0.3126913185130057,0.6751361131925216
5861,0.005156928393524685,0.0334460687139518,0.06288956922866071,0.8985074336638627
9341,0.001080181397684723,0.004670967317875803,0.13674490774305845,0.8575039435413809
5502,0.00011613035973405441,0.0009117188972469167,0.02914160723840842,0.9698305435046106
8389,0.009486739828873606,0.007078631874154751,0.3803370200233205,0.6030976082736512
3086,8.275196027700834e-06,8.442775681324056e-05,0.0698075231454216,0.9300997739017375
9269,0.016628588826643392,0.013751283750694827,0.667987587966533,0.3016325394561288
1607,1.029691915139061e-05,3.964181216337838e-05,0.049280140167090855,0.9506699211015943
6806,0.000795358337272742,0.010733951177359355,0.12561669040825982,0.862854000077108
456,0.001341229045755436,0.0035151635186924427,0.028215908076293667,0.9669276993592585
546,0.0003738775612380314,0.0031101151782977534,0.32574568623528677,0.6707703210251774
6962,0.0020971479797546135,0.0034281108679635156,0.41494752032105237,0.5795272208312295
342,0.7565702964291706,0.18541315090679866,0.018885291421818867,0.03913126124221192
883,0.0010591826011732601,0.0007570925439514817,0.17674697972856832,0.821436745126307
8918,0.0004369956213114132,0.0009777166838382282,0.0327084131626182,0.9658768745322321
1659,0.31360713660994116,0.36671094894657097,0.15849332947627698,0.16118858496721092
704,0.00174560330596743,0.0011413503024083687,0.4512105358032242,0.5459025105884
769,0.10949261703983808,0.24526208994693222,0.2995764939969689,0.3456687990162608
2682,0.00026171438144877,0.0019024464529423246,0.08876106610118843,0.9090747730644204
7969,0.0006835346994640004,0.007484741152794707,0.027140763933920762,0.9646909602138205
8886,0.06987049534181473,0.4271684375917615,0.09934673242156998,0.40361433464485386
5759,0.26915312934694946,0.09904930249590171,0.14443232857575591,0.487365239581393
7479,0.0008398663556433224,0.008654376266168815,0.1556648573484203,0.8348409000297676
1340,0.00017370117435338883,0.00016274864409529657,0.2801092716919057,0.7195542784896457
8558,0.2849698737457723,0.6410496708965935,0.03608563766501502,0.03789481769261906
7177,0.5336501916768348,0.4604884307741528,0.0031060089064191432,0.002755368642593269
8276,0.002992340515178138,0.0013632224296633983,0.2520682315888206,0.743576205466338
6460,0.00047573343581214814,0.0027040507404383586,0.025329787207877628,0.9714904286158719
3250,0.0001575502247734782,4.821178904741784e-05,0.04271256999513601,0.957081667991043
5035,0.6530808754979105,0.13113406252195778,0.03957813783377742,0.17620692414635433
8878,0.37619951022058173,0.6077769138505501,0.002691981995592518,0.013331593933275633
1953,0.0014668721072372969,0.0014573343597205312,0.08138504616200622,0.915690747371036
5028,2.7951301443455535e-05,0.00034131255014352083,0.1874986874417972,0.8121320487066159
3466,0.00238673873948483,0.006480058718233364,0.17092804896261543,0.8202051535796664
9084,0.015367264316822477,0.1782402737443743,0.04302700971497486,0.7633654522238285
7337,0.21048719543990194,0.7309145430318325,0.010662816471715774,0.04793544505654978
3035,0.0011688979174018321,0.0011480264592432395,0.15175867411164268,0.8459244015117123
5968,0.23054859421672502,0.6977582950714657,0.026263137826780268,0.04542997288502908
775,0.10776230761883793,0.22844518159743119,0.1434455841255049,0.520346926658226
3659,0.009139897778628489,0.021419400522328654,0.08214722563943994,0.8872934760596028
5893,0.30410263505256024,0.45724699972340227,0.06128680806291165,0.1773635571611259
5454,0.0013416561617787704,0.007032836929362642,0.08762019776516058,0.9040053091436979
1096,0.07676514990696633,0.23122854733341044,0.2034193017343363,0.48858700102528696
8692,0.005946533862806256,0.06376983708294012,0.45273874882859144,0.47754488022566216
660,0.07707417728455936,0.013514601575306835,0.19720186276084462,0.7122093583792892
3078,0.25869284048229085,0.6443418167030928,0.03559314867600613,0.06137219413861034
2337,0.18524117464066067,0.7174967932612382,0.03613855162126193,0.06112348047683926
4634,0.015603455705110755,0.016313506159890082,0.3923138331029047,0.5757692050320945
3835,0.44886760125630815,0.5233412203975928,0.013425190717479617,0.014365987628619379
1121,0.4015261426780993,0.4448183822602281,0.039885580338871525,0.11376989472280119
1559,0.0007029344071795917,0.02638121752565336,0.05444437332025039,0.9184714747469167
4072,0.07528521841779379,0.9104292772891592,0.007045407496963717,0.007240096796083397
3291,0.011393595943822984,0.003607273700654621,0.7921913510495129,0.19280777930600942
3194,0.30712043603224964,0.2080364210711397,0.2338899020712862,0.2509532408253244
5745,0.21679323402887163,0.2042504870871638,0.3439185531217028,0.23503772576226173
6186,6.354352495040369e-05,0.000183965098841283,0.16256011717694505,0.8371923741992633
9010,0.0015803953590889303,0.04885209291840683,0.10684181199011349,0.8427256997323908
9455,0.6054922688073318,0.295141616030866,0.08267890182816168,0.01668721333364053
8334,0.002355437405050665,0.012283275888511483,0.23298221337560734,0.7523790733308305
4766,0.4021210158147997,0.5722059270513078,0.01892567524041875,0.006747381893473783
6988,0.36289997972912064,0.5577592679073158,0.019098028389891438,0.06024272397367204
2120,0.08107083179319753,0.041033632235233646,0.458164689013685,0.4197308469578838
5268,0.049048001398035265,0.20506554355284984,0.1075271204201587,0.6383593346289561
5343,0.1569958751318827,0.2521976260943003,0.4498428493459429,0.14096364942787412
5256,0.08501233757135371,0.15885935728325534,0.04216649896205542,0.7139618061833355
7247,0.01744498107915043,0.0762431693458475,0.30057437110515,0.605737478469852
4380,4.085999522837516e-05,0.00018918303874642623,0.04322416734413117,0.956545789621894
8474,0.045635764376077,0.05438204831553587,0.6150486808256288,0.28493350648275834
2754,0.8342906510699936,0.16335601627961677,0.0019109213782197404,0.00044241127216993186
1710,0.0028147053892204833,0.0060711450272255465,0.5044269119265596,0.4866872376569943
6164,0.2560961586872857,0.600036839687163,0.010326989583205123,0.13354001204234603
863,0.0011961228558089374,0.003317422001475151,0.3769942585721011,0.6184921965706147
7359,0.0006893537650119803,0.002535718774150685,0.15809275465832703,0.8386821728025102
1227,0.3273844790275319,0.6191181297362081,0.010659350890669824,0.04283804034559029
724,0.1159043114993011,0.7225105760893337,0.012984501385749544,0.1486006110256157
635,7.011060712608228e-05,0.0001991155005525563,0.0596302198796517,0.9401005540126697
1923,0.03260773659805742,0.0063160799843606005,0.10846490010426735,0.8526112833133147
7325,0.21526203951566822,0.6959433969384391,0.016729887523329677,0.07206467602256289
6746,0.397446100431288,0.5864437590882696,0.002887406428415103,0.01322273405202729
3256,0.0009306543415598063,0.0015864952644919182,0.027874153467725746,0.9696086969262225
979,0.23590628272156186,0.6586008769662255,0.0937136529941912,0.011779187318021559
975,0.1756000491249104,0.08719239798079707,0.07336860335576577,0.6638389495385267
7152,0.07866092928281843,0.9065012462104208,0.004223396645916782,0.010614427860844124
4709,0.0022110794779345477,0.0134629302670571,0.020926746918231525,0.9633992433367767
1173,0.06610017753418963,0.9236872060599991,0.005431754286059263,0.004780862119752071
3249,0.00441825699337308,0.0016135420663838664,0.31882522082098497,0.6751429801192581
6529,0.0004523812685309851,0.002154636659525196,0.03129188382212276,0.966101098249821
2368,0.0002287116407802184,0.000378595749341961,0.04261249830922024,0.9567801943006576
5073,0.0008419211380343101,0.0015483977310601867,0.05497953424808858,0.9426301468828169
3567,0.0004107564969934431,0.0060998858503813775,0.028041611926908707,0.9654477457257166
7622,0.0026895505706583485,0.00700064884702139,0.06878632647630638,0.9215234741060139
5340,0.0035024866527559643,0.004313585478589998,0.05008486050245912,0.9420990673661949
6223,0.2141108626053077,0.7709382003918851,0.006628116159910345,0.008322820842896825
8204,0.00016244968098298298,0.0007067887624518914,0.08760718452858621,0.9115235770279788
9153,0.33435411572019014,0.2804653482704739,0.05130200806799104,0.3338785279413449
7076,0.030306730658851977,0.009771730047073456,0.18040993729495503,0.7795116019991196
2676,0.00041275388516866387,0.0009241721140059273,0.30695580372670395,0.6917072702741214
8202,9.855923837153223e-05,0.00015612170516630505,0.051705694923025014,0.9480396241334372
6224,0.015584101886896433,0.05410124795118634,0.2426944668872312,0.687620183274686
3603,0.00021263049180449213,0.0009891846554120245,0.08233339995534542,0.9164647848974381
2674,0.01842854245089263,0.008488619599136172,0.18175173853645474,0.7913310994135165
1641,0.0030904745859449707,0.00561766405095178,0.07611052584562494,0.9151813355174783
7256,6.980912964365362e-05,0.000636256904634876,0.1740246160959157,0.8252693178698057
1545,4.49161639166504e-05,0.0002464702459621179,0.07501699677697427,0.9246916168131469
3828,0.5178374938636519,0.46002534391849287,0.013166318574268492,0.008970843643586758
4865,0.27726021530746414,0.659170990533307,0.012030848580526169,0.051537945578702685
5326,0.003510432347917767,0.023606360414108494,0.1081677809355352,0.8647154263024386
936,5.117641458593561e-05,7.918214307286191e-05,0.015297553704716629,0.9845720877376246
204,0.0008995781275492273,0.0007706332118835993,0.1391468804980513,0.8591829081625159
7470,0.0004175533211520731,0.0009981142297265972,0.019961176383732147,0.9786231560653892
315,0.001018278910081654,0.0010620989141045907,0.05157949543049561,0.9463401267453181
196,7.47341043223988e-05,0.00043404964515784706,0.01330383043397907,0.9861873858165408
1005,0.00011610268287368465,0.00018613609814733165,0.033224826479235664,0.9664729347397433
2186,1.3777356341182175e-05,0.0001721571838839076,0.008900055894485876,0.9909140095652891
2850,5.171528757324097e-05,0.00013439462308506228,0.01399404182834006,0.9858198482610017
7105,0.0011843717947709628,0.004497554083702912,0.11499748056926286,0.8793205935522632
529,0.00018527682768349504,0.00030875440564113,0.0856990785549087,0.9138068902117666
3408,0.0002614709007685454,0.0005560334174315139,0.03131311041538796,0.967869385266412
2567,0.0014757350309484464,0.00818616355752525,0.03500087728646908,0.9553372241250573
603,0.0005723489052583958,0.003559906781722277,0.016159872767325386,0.9797078715456939
2885,0.000995995163666819,0.0049536583034905796,0.0030230068750505498,0.9910273396577921
2461,0.0001078184464542788,0.0003963154067741122,0.025594745086310433,0.9739011210604612
3971,0.0007771484494032632,0.003670603647084692,0.10050038476368478,0.8950518631398272
2281,0.009375487497997466,0.0059024408330901204,0.04183579498678213,0.9428862766821303
9342,0.0021723673902016433,0.0015589458831374002,0.08169733693004282,0.9145713497966181
5207,0.00023164913236989427,0.0008251786473878424,0.036390466921778615,0.9625527052984636
3051,0.00069559028415237,0.0016188042263852852,0.22781302337301906,0.7698725821164434
8175,0.00017754425056320383,0.0014652301870246539,0.03801185609027785,0.9603453694721343
6302,3.9354364202111526e-05,0.00016640472779572163,0.02175604807846071,0.9780381928295414
5603,0.006104890205857263,0.005771498955395998,0.0561320020349114,0.9319916088038352
8713,0.0002259922339946744,0.0004226623790320702,0.03278729215509035,0.9665640532318829
1367,0.0001578924453575673,0.00028285289607041193,0.09886481779482842,0.9006944368637435
2548,0.00021175553374030038,0.0018747642436704327,0.014529807440240176,0.9833836727823491
2460,0.00014143791261838812,0.0021636634622826845,0.008292145928860578,0.9894027526962383
6697,0.00010619154391389838,0.00016835017736879088,0.0791405969846268,0.9205848612940906
5944,0.0011209921338045654,0.003419029374496968,0.04972093680812863,0.9457390416835698
6576,0.0003857769346908855,0.0003417068384081086,0.1337822012192966,0.8654903150076044
913,0.00011177624880957937,0.0009480593973921547,0.03681165612594448,0.9621285082278537
8905,0.00032731648511130906,0.0002054126331055561,0.029625071830388216,0.969842199051395
658,0.014605533656470162,0.0291880643151488,0.0984270759622979,0.8577793260660831
3499,0.0002365440697905792,0.00032726351020142343,0.12438337164672848,0.8750528207732795
703,0.002402367970958642,0.026598291205353813,0.03380328592229247,0.9371960549013951
7734,0.006722139881956964,0.023475863194182524,0.4279665387980443,0.5418354581258162
2119,7.687252246082737e-05,0.0010190777780482614,0.011223470886840347,0.9876805788126505
6180,0.0002152244529543813,0.0014885496961605771,0.030268774957855366,0.9680274508930298
7573,0.0033533840600017207,0.012850179470863778,0.0430342032135163,0.9407622332556181
5262,8.022263395380104e-05,5.2319602032808715e-05,0.022205913961863822,0.9776615438021495
7579,0.010690324359348696,0.020679445112279003,0.024951497516173742,0.9436787330121985
4181,0.0006234987825725388,0.0008221090484830036,0.027964566270142117,0.9705898258988023
520,0.00013412772516243574,0.00010507549421606384,0.03223890608284145,0.9675218906977799
9441,5.512307880310988e-05,0.00011026045363171725,0.022820582982942043,0.9770140334846232
2804,0.0005038349255392975,0.0018882295268055516,0.12576243870419027,0.8718454968434648
7454,9.714678085980503e-05,0.00014276541328688762,0.0816851370830113,0.9180749507228421
2760,0.0119599303298636,0.026575525753847567,0.06940384128879787,0.8920607026274909
7180,0.006738832455029987,0.005277151421718213,0.010336321246292104,0.9776476948769598
5004,0.009192089092739684,0.02803906500159148,0.14307166228564225,0.8196971836200265
2590,0.0006218690153530802,0.0003727200706680385,0.2898147401236086,0.7091906707903703
935,0.00012868643175394632,0.00020924977120837158,0.04340196951576694,0.9562600942812708
4941,0.45950159380863803,0.22367675736734655,0.28991906578107834,0.026902583042937023
2879,0.005529942979115177,0.008394919418816576,0.05189231259604169,0.9341828250060265
123,0.0006628435294080828,0.0008551819560778543,0.010844703294644601,0.9876372712198694
6393,0.00017404250499398506,0.0011156016587776975,0.1228908776257219,0.8758194782105064
1297,0.0002198408944885688,0.0002940458360859701,0.009187918176451223,0.9902981950929743
250,0.011829533187094083,0.016427237938871755,0.15743891900758597,0.8143043098664482
1134,0.13951708754143635,0.4660671494946956,0.026551637840372615,0.36786412512349537
8565,0.16751757830296846,0.47849687181775763,0.02776952164602973,0.32621602823324414
7783,0.004622606766381062,0.006365304912441701,0.17886872710743013,0.8101433612137471
387,0.0004439088607852018,0.0003012061479934938,0.026980718129346697,0.9722741668618747
5801,9.752120328902147e-05,0.0010952388889085606,0.18128533901003038,0.8175219008977721
705,0.00015122628441810275,0.0010490876437866843,0.22223662966460592,0.7765630564071894
1621,0.00019205048228918827,0.0010948294779139433,0.05255837593335225,0.9461547441064445
6762,0.00012337299436327123,0.0006983983284875875,0.01597249482296457,0.9832057338541846
487,7.270539123138147e-05,0.0002494668670781938,0.01668670764041267,0.9829911201012778
353,0.0033121616328045953,0.007509155540251519,0.08396277849882326,0.9052159043281206
749,0.0007111296750480947,0.0033598788996713233,0.1734839614981371,0.8224450299271435
8127,0.000146679117629781,0.00016639983349780047,0.12575111891801288,0.8739358021308596
330,0.009120060251217735,0.0038309425967233556,0.016596053964417868,0.970452943187641
4193,0.0003100696840885114,0.008414580478276278,0.09042864218923279,0.9008467076484025
4545,0.18054543497715067,0.7819402634065943,0.006014367575827407,0.03149993404042765
7782,0.2621959682958933,0.7265990700526863,0.0024377731285757094,0.008767188522844666
1593,0.20999035251268758,0.739591264248715,0.020423508070664332,0.029994875167933165
3378,0.23205943644315,0.7560117187983838,0.006046041664953205,0.005882803093512735
5182,0.1907196458387198,0.738980380558313,0.04237729455617107,0.027922679046795993
7525,0.4700244682341206,0.5143758263641953,0.007678700652009823,0.007921004749674292
2173,0.6598396720685276,0.2937601802513604,0.044698830301853086,0.0017013173782589597
6156,0.012702718379228374,0.007853106960788218,0.6624994855214912,0.3169446891384923
6568,0.8080390551511742,0.1886488224406813,0.0030797960645674765,0.00023232634357686055
7942,0.6739626870327433,0.31962841595380503,0.0021614279922669297,0.004247469021184693
6653,0.15240448025117018,0.8410086288402895,0.003791288965783742,0.002795601942756639
3117,0.0017652024274611997,0.0017773421238238209,0.13952612755930696,0.856931327889408
4755,0.014140760675921411,0.12659690739352936,0.09274565828867301,0.7665166736418763
7571,0.03125036103316699,0.05236515397294196,0.21373272076921718,0.7026517642246739
1620,0.3954963039538182,0.5028677842919191,0.028360051943192355,0.07327585981107033
4096,0.008128731891376834,0.04636830096014485,0.23733766953397378,0.7081652976145045
4004,0.0740225789719715,0.7652403991463076,0.05492401014627942,0.10581301173544146
9018,0.24556416988950922,0.21594982418446987,0.12188372041560036,0.41660228551042067
1057,0.6727201857248649,0.14813852910674924,0.1250973511374224,0.054043934030963414
6558,0.47232050055520824,0.45661936570091827,0.036029071976815576,0.03503106176705798
3866,0.5064803307994332,0.450916731294575,0.03829181298664501,0.004311124919346859
941,0.2671151684554553,0.5241166332836554,0.12749568300025976,0.08127251526062941
2694,0.20092980949943948,0.7545975786234475,0.012756540602397889,0.03171607127471504
4873,0.00014166595271406914,0.0040899201188898705,0.17014487425554878,0.8256235396728473
2251,0.27151263087345,0.7168557936812513,0.0024434572197201097,0.009188118225578674
4855,0.4046759487193273,0.41131784304020147,0.03223912488551835,0.15176708335495287
5415,0.21928714250420192,0.6362938281502478,0.078067022424928,0.06635200692062221
7144,0.156710014710646,0.6231357999781669,0.08465805765252324,0.13549612765866384
3176,0.32766040721359424,0.5765075359576409,0.007541424909885717,0.08829063191887918
4987,0.0006356661626892923,0.000373664414740274,0.04381847313161187,0.9551721962909586
3278,0.21932389342868314,0.5455430403418704,0.10588016939067867,0.1292528968387677
4133,0.21820409329589321,0.609529951940829,0.03993153487102672,0.13233441989225087
8959,0.5635144755793093,0.25065180212524785,0.008916074016338737,0.1769176482791041
3097,0.0002415625160241862,0.00010316555295629456,0.009965793339967739,0.9896894785910518
3617,0.000275763311526902,0.0012740185062341076,0.015049601172535735,0.9834006170097033
6649,0.8453930905824599,0.14545121294643404,0.006663443806972015,0.0024922526641339977
4791,0.24525129395752546,0.5409032505562399,0.06377428164310743,0.15007117384312724
8212,0.3017324286574047,0.049135824921138875,0.3177216155065196,0.3314101309149368
7968,0.5577383268540232,0.42803641403466813,0.01201480696014933,0.002210452151159316
5631,0.16435884995098982,0.8176330087483259,0.008230887983877926,0.009777253316806166
5202,0.0028268609029977166,0.03751806707041656,0.06542578087183305,0.8942292911547527
7207,0.4445524548148442,0.4246342942675844,0.010404786313373701,0.1204084646041978
890,0.019681718414662434,0.01972605373600471,0.1028425139129397,0.8577497139363931
3779,0.0004879475263035647,0.0010135319821295461,0.02219934965210496,0.9762991708394619
3024,0.13122156861532455,0.6409918692129346,0.06053477905104045,0.1672517831207005
3669,0.015326400362231797,0.017903972230790932,0.2464775919062903,0.720292035500687
5223,0.00018119727095245315,0.0013488122538071736,0.01733843533571849,0.9811315551395219
7275,3.527749567082887e-05,0.00010674527212720019,0.2018648779563222,0.7979930992758797
7459,0.0750163534921772,0.9075993568900512,0.00724683047259985,0.010137459145171696
3547,0.00015583503550691317,0.0006937881458142043,0.062084725966819326,0.9370656508518596
888,0.023207365378493064,0.04623669360600183,0.8088250378940112,0.12173090312149383
207,0.0006118137158648349,0.0002881204203978727,0.3502305253497174,0.6488695405140199
5413,0.030247798701157718,0.02281823575642992,0.28171250246838375,0.6652214630740286
5833,0.3238594220042813,0.38253372066071895,0.10923985803674366,0.18436699929825606
9221,0.0005139750825276935,0.00215801288402902,0.1556540404379077,0.8416739715955356
2151,0.12692698077945738,0.8224237363991085,0.008574641663183684,0.042074641158250416
7096,0.08849206298987733,0.9021741491911813,0.006202627273734354,0.0031311605452068727
2948,0.007790530469295705,0.010219989094241376,0.21426573174651856,0.7677237486899444
3583,0.19495944535215393,0.7692769058979703,0.013719545193830984,0.02204410355604482
2056,0.3598820232548136,0.5866503464117113,0.01564691155144809,0.037820718782027
3560,0.011804950942144747,0.06559424110760577,0.214706299865912,0.7078945080843375
6876,0.00871343116109469,0.11558266149947788,0.32845862863887615,0.5472452787005512
6440,0.001277185332921571,0.002269809293831896,0.03298691538570071,0.9634660899875459
6350,0.4045429301158964,0.5541147566656268,0.0028383204747797594,0.03850399274369705
4829,0.0005090942334489457,0.001252311190825069,0.1043526591558176,0.8938859354199084
9192,0.0026091198339688324,0.0016865238295451224,0.286886560487837,0.708817795848649
4290,0.027647280639585648,0.007169969817105904,0.21836017109924136,0.7468225784440671
8320,0.6406095946144368,0.29151308890015076,0.032583191475508394,0.03529412500990403
9150,0.08937904599242676,0.11550143342477635,0.053725183649427306,0.7413943369333695
3777,0.3559000162248473,0.3058441760954276,0.04882609242514826,0.28942971525457684
7103,0.37280017083975475,0.5629721767241734,0.008959563710624919,0.05526808872544672
4412,0.0011706695945811788,0.004787169208262792,0.11457709592445171,0.8794650652727043
4712,0.37149004226925664,0.5876425782794932,0.012186511292215763,0.028680868159034482
7478,0.0006850717485242759,0.002152060261472586,0.1150616217692038,0.8821012462207992
6433,0.0001681464418202054,0.00025293391837007183,0.14304160156681486,0.8565373180729948
8984,0.07244132251437302,0.29548940543591046,0.07348141187460086,0.5585878601751156
3870,0.3414073837483257,0.6343231880514747,0.011612997675414028,0.01265643052478563
4428,0.0004370663587947964,0.009120115911344671,0.01965129688999713,0.9707915208398634
1053,0.030316288217103034,0.058511919588928464,0.1816140388861448,0.7295577533078237
6242,0.00027508525344606654,0.0015278627593203174,0.003126893300394594,0.995070158686839
3138,0.30410368242383035,0.660555461665439,0.009465939951685334,0.02587491595904546
6142,0.000798976984011859,0.008425123531368421,0.32928467306170583,0.6614912264229139
3295,0.006260886704493832,0.0094461795985797,0.024521337103717972,0.9597715965932085
4795,0.27758694695872654,0.6675662798427225,0.022103739701480506,0.03274303349707045
8020,0.07966773537829436,0.9032795198185998,0.00399164931458126,0.013061095488524467
1837,0.0005557167408276952,0.001303630646318061,0.07379595386946572,0.9243446987433885
3776,0.010833479182680609,0.1836279656461211,0.16410688377656393,0.6414316713946343
5080,0.0008136999936710732,0.0011774521840726725,0.036836707295787106,0.9611721405264692
33,0.0007997585303585454,0.0023707236211642007,0.06031836642590823,0.936511151422569
6251,0.00018911618076599017,0.0005788708091827191,0.061220150092456224,0.9380118629175951
514,0.00016566630922482781,0.00023816487922849954,0.039746881765052124,0.9598492870464944
5667,0.02356432667917081,0.015988031868912168,0.3985082620250944,0.5619393794268226
5039,0.0012520336470755466,0.002412972501431713,0.26391605593583894,0.7324189379156538
3412,0.2430141399125199,0.7329829480078484,0.005919926360244014,0.018082985719387722
3752,0.2602551047815347,0.39214086926670677,0.10179727214698558,0.24580675380477301
7330,0.0003035103522043389,0.0019425650099001532,0.07337120165400911,0.9243827229838865
1777,0.01173051311508383,0.10174184262532555,0.15107925508226674,0.7354483891773239
388,0.0016350171032139624,0.0018888954591564334,0.33831098419731204,0.6581651032403175
8193,0.0004357457184540583,0.0024710357396541816,0.345158713416698,0.6519345051251938
7304,0.003311740802611068,0.006220156797287827,0.08536585751101954,0.9051022448890816
7745,0.00032821498645363147,0.0022093469022486582,0.03869942973389462,0.958763008377403
4280,0.0076186756548254075,0.012365374477575247,0.09866516217282402,0.8813507876947754
9283,0.0004419746216582969,0.001849951902452993,0.21669250386346478,0.7810155696124239
8361,0.2050590076988436,0.7733152146180419,0.013066952564889843,0.008558825118224834
3861,0.13768660903557772,0.8288796713699971,0.023570263271245836,0.00986345632317927
3240,0.4372483801583631,0.46437393249384573,0.01438257255931063,0.0839951147884806
4033,0.10338299688297123,0.039862022883837604,0.255139418812562,0.6016155614206291
8380,0.6985415829310542,0.2920246345849587,0.00815357701633499,0.001280205467652082
4344,0.4174579552602584,0.14812415456357236,0.2954813473417703,0.13893654283439894
8015,0.5530047829248369,0.4244376941807071,0.013990768425240352,0.008566754469215534
1083,0.00038982584090154317,0.0005606714716992526,0.050237765573157886,0.9488117371142414
5272,0.00375844874423006,0.08645226364276122,0.48502365017214083,0.42476563744086776
8559,0.6658386743495425,0.30779377580984957,0.02483284910988113,0.0015347007307268104
7486,0.019129681683030704,0.008921771180049335,0.5971910216604306,0.3747575254764893
3382,0.7381078531460052,0.20641729443474122,0.022594597486062924,0.032880254933190654
2671,0.00015570650830854082,0.0005624819921326251,0.06026082106812917,0.9390209904314296
8772,0.006215011334201492,0.005227649108923917,0.09477604260991356,0.893781296946961
2622,0.014181731508390999,0.022957676616185575,0.12827871106957803,0.8345818808058455
7686,0.01748728861838434,0.08449610224160922,0.4058697270388567,0.49214688210114965
6739,0.2569490145149952,0.7113721539045486,0.005598608584868581,0.026080222995587606
4558,0.19736332331599926,0.7305667740151559,0.029555968877894644,0.04251393379095031
1639,0.0034249494625070123,0.006239902416847036,0.03149041362096747,0.9588447344996786
8252,0.697523979523972,0.2101260053090142,0.01262331938970004,0.07972669577731357
2752,0.00010090684742140436,0.0004629139784076795,0.0560060791548455,0.9434301000193254
5803,7.557225215624081e-05,3.4880965107515936e-05,0.0299732227707105,0.9699163240120257
6597,0.0015330422792257125,0.00203629618546729,0.0856787584587471,0.9107519030765598
6854,0.0005965679392218471,0.002907588224459091,0.08299335999571157,0.9135024838406074
1237,0.00015686695145017464,0.0003187274389993335,0.12713737563863814,0.8723870299709123
4761,0.0003210139320978387,0.0010380691477257,0.271829311745723,0.7268116051744534
7909,0.6198278941846502,0.3656327562036697,0.0028770553628998524,0.011662294248780325
6880,0.13013501490486776,0.05635870336160962,0.08199557958603193,0.7315107021474907
9072,0.008025241851068987,0.010166305918502306,0.303411259390301,0.6783971928401277
2163,0.11005800685247585,0.8631674451879026,0.014562156219781715,0.012212391739839835
4883,0.010583444767097903,0.025825866287125687,0.12351929401293861,0.8400713949328379
3813,0.15787555729557137,0.8253387107325963,0.0021329256294033154,0.01465280634242887
6320,0.023646461366538227,0.03940817033007286,0.18961217316945547,0.7473331951339335
4691,0.23678975324071955,0.7579626390685391,0.0021892697192217106,0.0030583379715196303
8368,0.6637394778554828,0.31914993926036017,0.008478610677537787,0.008631972206619303
6570,0.2032900270866472,0.6508188930414858,0.0761545515139595,0.06973652835790757
1127,0.3365713335475426,0.6050069508914223,0.03854184404691828,0.019879871514116822
4491,0.000348840039532507,0.00021631792380583638,0.07315221179420368,0.9262826302424579
2110,0.25277255756444855,0.7301375491126803,0.004264426497807994,0.012825466825063293
9119,0.003269782689039827,0.03931226672672527,0.336787939449603,0.6206300111346318
2970,0.06667494100519802,0.15201632092279185,0.1113156084432881,0.669993129628722
6487,0.006311507708088518,0.00783583339235623,0.10521307777549016,0.8806395811240652
8805,0.29266032189868063,0.6862464277786197,0.0030257461791216677,0.018067504143578127
4153,0.0017586277427622005,0.024041759646459552,0.2312166290213369,0.7429829835894414
6621,0.10360852003041968,0.8781488575201151,0.010493114174536546,0.007749508274928728
6026,0.06739369197026537,0.913831284610589,0.006149786649683032,0.012625236769462537
4546,0.2623491585103547,0.729501283957941,0.0037992543045629137,0.004350303227141479
2169,0.09820717259063876,0.8930813720598797,0.002985372042694929,0.005726083306786441
7445,0.0773740042421086,0.9087154767321177,0.001829123609445421,0.012081395416328217
7731,0.00019472716737803651,0.0029154300423333552,0.24812251138964375,0.7487673314006449
5741,0.0019347668829209413,0.002174086056239226,0.5328009715384724,0.4630901755223676
6265,0.653646002651313,0.3379403738085841,0.004004484265096351,0.004409139275006455
1221,0.19753607834976805,0.11838214386398906,0.06157509057874085,0.6225066872075021
3037,0.7131645043222994,0.25192936069788835,0.015107214214097414,0.019798920765714923
5996,0.010109619631775505,0.004574947987572859,0.5313532728284035,0.45396215955224817
4160,0.40406933323653155,0.5812077218513718,0.003412252326447412,0.011310692585649377
6136,0.003077823823125676,0.03518263191894711,0.06758368929207284,0.8941558549658544
3463,0.0005283214746755234,0.0037903838667108472,0.08488672375311,0.9107945709055035
5644,0.5700653473960372,0.38167232437671766,0.02875248757093599,0.01950984065630918
8044,0.20663067043586225,0.7571416198017286,0.012085520552215952,0.024142189210193336
7721,0.3569791663860575,0.6247302783551696,0.008250548812386387,0.010040006446386574
6484,0.4963411038707946,0.26201765040258246,0.014355713177632078,0.22728553254899092
3320,0.22968206446285958,0.29101917169259045,0.012260685338142311,0.46703807850640777
1771,0.4535565455290376,0.5100577125202321,0.0031335868599017807,0.033252155090828524
6804,0.00648120750404122,0.0026438303810059614,0.12883279919756924,0.8620421629173837
6754,0.3183109308944508,0.26097232353140215,0.12479423381609205,0.2959225117580552
8341,0.07916667942395282,0.2961687672379368,0.10359524968157109,0.5210693036565394
1379,0.3255149579880915,0.6428899750717564,0.0022833926775975297,0.029311674262554616
820,0.390115320329821,0.6023057118189528,0.002241476437806605,0.0053374914134197045
4003,0.49459536193972786,0.4735022820716288,0.010323114283980944,0.021579241704662355
7362,0.011437991497674844,0.10060740010260114,0.0626018935999743,0.8253527147997497
823,0.3321569205267577,0.5277386755271466,0.04804307570651195,0.09206132823958371
7332,0.04662457318229578,0.12499353610259147,0.12608366072845842,0.7022982299866544
3215,0.09077328782642043,0.040994008426940044,0.5817986813205982,0.2864340224260415
3476,0.005044459931459165,0.012279610031654469,0.1305325186820934,0.8521434113547929
2079,0.5033788066392827,0.4707725461202636,0.008315234184366437,0.01753341305608723
847,0.000320639871827402,0.0003776467071051613,0.21050301122235685,0.7887987021987105
380,0.4322392808208805,0.5612211767854268,0.0011328171954122401,0.005406725198280497
5738,0.6912635365619597,0.2876530754755393,0.005750421605542585,0.01533296635695835
159,0.004619839265615902,0.008373755111353652,0.7005342662911614,0.286472139331869
4666,0.01891923412894022,0.049145161290741514,0.6601059499612543,0.2718296546190641
685,0.5794161183861567,0.3545587834507404,0.05080517700414199,0.015219921158960871
639,0.027414600714292036,0.019391505013036353,0.3499361456042787,0.603257748668393
5410,0.28253423441404285,0.05320497501538075,0.42269863154758797,0.24156215902298847
7917,0.0027551185121621837,0.007967901033429897,0.029445286941451463,0.9598316935129565
3584,0.3174125872716157,0.6657026986539524,0.0010879977756094938,0.015796716298822327
3068,0.3279240721319952,0.6025736914579163,0.007060480393643639,0.06244175601644492
3689,0.007893762913726054,0.045795193945756235,0.08049971426171622,0.8658113288788015
6319,0.05836357569805811,0.13160866447009284,0.12389301052169491,0.6861347493101541
3401,0.27478122497057655,0.5946166972760076,0.031552904345651354,0.09904917340776453
4061,0.006915104224989095,0.06089639661092972,0.1450195360391862,0.787168963124895
3585,0.1654147387201327,0.7630371845082288,0.019574993603908682,0.05197308316772982
7611,0.33706380527848734,0.6522242861381792,0.003975533255504149,0.006736375327829226
4152,0.3542278253787273,0.18265761535261182,0.08473369184445922,0.3783808674242017
3221,0.1216275176997509,0.17626201186000245,0.13651724658458916,0.5655932238556575
2275,0.0014101551863535979,0.0017747389253642337,0.009487606799198849,0.9873274990890832
5794,0.4761604782824889,0.5198017239562178,0.001778640655621504,0.0022591571056717057
6755,0.36320025830573555,0.6095980594435187,0.020883334295501155,0.006318347955244508
4231,0.0003569580124239808,0.0009553370941393431,0.019192648883910132,0.9794950560095266
7487,0.023389370610651928,0.0614150236712284,0.2614033088652295,0.6537922968528902
8406,0.007223053525949904,0.0030487324875096734,0.45696603163306443,0.5327621823534759
8744,0.6107041969572695,0.3732425113767568,0.005873643851933566,0.010179647814040188
4053,0.46991971238557906,0.5197773363561755,0.003295294024975613,0.007007657233269918
4882,0.18689040230800935,0.8056844213989625,0.0023096074674126264,0.005115568825615506
6707,0.16526834851084116,0.16238765014313347,0.1413743546820807,0.5309696466639446
849,1.918097160883177e-05,6.436160777636354e-05,0.039505639566944736,0.96041081785367
4137,0.4254008893733723,0.5482286409495751,0.010523559134221126,0.01584691054283161
1257,0.39016380939230927,0.5935284165193035,0.006330979013319419,0.009976795075067772
7678,0.8864252109424671,0.06618141927597916,0.03373221374999657,0.013661156031557273
7834,0.775910993988757,0.1762739782021407,0.01542502527035564,0.032390002538746805
1082,0.5432770396560056,0.3609439654440379,0.008314017017543553,0.08746497788241313
1499,0.0018658845133302441,0.001576841244368807,0.2510439174238528,0.7455133568184481
9015,0.6961227388155431,0.28895576742618084,0.007966221144495793,0.006955272613780158
7078,0.38663210968709216,0.5044818254764026,0.07260925037940662,0.036276814457098565
5931,0.9349715372049794,0.05755995894787353,0.004426999479660477,0.0030415043674866162
7462,0.0005490140748578658,0.0007877930901424132,0.06457047938745417,0.9340927134475456
2786,0.09408373148649196,0.1281314591867627,0.16149483041919763,0.6162899789075478
582,0.0001332763443999496,0.00034079781819191634,0.07210640390206452,0.9274195219353435
1928,0.00011184930799313488,0.0002717738690828676,0.08456373947842365,0.9150526373445003
2922,0.00019685106593027304,0.00021508170499614487,0.050675888519545166,0.9489121787095284
189,0.0006401724221654581,0.0010767120987114995,0.0897419894628369,0.9085411260162861
4187,0.00024292083791057205,0.0003487907563600746,0.0620015028880476,0.9374067855176818
265,0.010628514428024916,0.003100742842032635,0.08059486450693253,0.90567587822301
1876,9.207924035338627e-05,0.00024254104189673013,0.12163311790162822,0.8780322618161216
5263,0.0007252719370198816,0.00201728936677292,0.07022137348638524,0.927036065209822
2418,0.00016053358601365752,0.0004080538765211871,0.06348493780724171,0.9359464747302234
592,0.0004728288473883984,0.0007537073351237334,0.2878732474916725,0.7109002163258153
472,0.03559334182480189,0.056651737043110856,0.3381171788141373,0.56963774231795
9,0.018263405697859374,0.0033621162752475522,0.5130207478816029,0.4653537301452902
2431,0.0005465706840682059,0.00021516320995271362,0.036480037952634436,0.9627582281533446
4114,0.01576759525779652,0.011529689414037765,0.08486407695454834,0.8878386383736173
7708,0.5564243242873699,0.3434769009520832,0.028399233244698393,0.07169954151584852
83,0.00040156830474444077,0.0004481750836236719,0.08442452464732696,0.914725731964305
6456,0.537180042325668,0.41193108197285433,0.015405856733697335,0.03548301896778048
1170,0.0009569841587599285,0.0016474075700948587,0.06542133346651809,0.931974274804627
5852,0.0012480805887804636,0.0032320702114674842,0.22759173274749336,0.7679281164522587
1957,0.22238956241652433,0.5322984257954066,0.0838679849006421,0.16144402688742687
3918,0.24763177452557833,0.6843664346893107,0.010754990628825121,0.057246800156286026
349,0.0015786843312591225,0.0012574328573737438,0.06205363501942959,0.9351102477919375
7729,4.675056537673132e-05,0.00027453689599233764,0.11597462447350956,0.8837040880651215
2727,7.26659183105369e-05,0.00021272963461244863,0.014933265694600016,0.984781338752477
3237,7.714450018270205e-05,3.4405535125331674e-05,0.009527668939024032,0.9903607810256679
8715,0.00019445483305786235,0.00033382509944764705,0.0688038351884537,0.9306678848790407
4854,0.0006271835233699414,0.0012016156158184594,0.11229708972705103,0.8858741111337606
649,0.0007996509517461384,0.0021803097389480105,0.045215972658294586,0.9518040666510111
1761,0.00015608900416643826,0.00879394474108002,0.032343871771010925,0.9587060944837426
1563,0.17781823285150217,0.5880423943827693,0.06675885634611779,0.16738051641961083
7307,0.00011254895363967995,0.0006371183589832198,0.027524986635736257,0.9717253460516408
345,0.0013849428617526594,0.0021797635777943383,0.06254682232432734,0.9338884712361255
733,0.00023925371786984078,0.0009046044664018877,0.05781234744871391,0.9410437943670144
7860,0.000154640681457658,0.0019978490933780842,0.06602522589143749,0.9318222843337268
653,0.0757560832323884,0.36436776135013305,0.04372374569872873,0.5161524097187498
143,0.001431354620895765,0.00853611874376374,0.1613188673277235,0.828713659307617
346,0.0006423338302808989,0.003433005569809685,0.04224310718983006,0.9536815534100794
2684,0.6492498385703502,0.32362670534642224,0.009352875410761618,0.01777058067246607
1535,0.011564817699850478,0.00739867120522738,0.11679088438136494,0.8642456267135572
7164,0.002195911439844555,0.005013835761670694,0.0906469069869212,0.9021433458115634
593,3.36387320506257e-05,5.231200064961985e-05,0.0067327918883554995,0.9931812573789442
699,0.00017028302896367317,0.0003534656097708021,0.0580371944384455,0.94143905692282
1272,2.6723823051798392e-05,0.00038502033327750506,0.008046935031692563,0.9915413208119781
4695,2.252560995044242e-05,7.771110137882831e-05,0.11186005799462877,0.8880397052940419
40,0.6404651976077498,0.33643508356447327,0.0022731083985104684,0.020826610429266507
139,0.006510140243893783,0.002794417755604147,0.041202831074348405,0.9494926109261537
66,0.006250981991360601,0.010287641277913272,0.40928749567251005,0.5741738810582161
9279,0.0011878242944680715,0.006795067973913134,0.2663124389662271,0.7257046687653917
6215,0.1965969237575298,0.19680740479878042,0.1683602784245008,0.4382353930191889
2886,0.0017419974772296988,0.002954787642698573,0.06274734264523228,0.9325558722348395
5628,0.0008397437276502275,0.139021561477601,0.01791670124607922,0.8422219935486696
602,0.0006808489954488803,0.0008594496727185999,0.07353407884085396,0.9249256224909785
7299,0.00037926882275249454,0.0015280451833264061,0.18201697911800152,0.8160757068759196
7115,5.2718175878073565e-05,0.00020000612091891908,0.02633385027735753,0.9734134254258455
6787,0.12924333647398803,0.43580863529548214,0.15829739130843007,0.27665063692209974
4269,0.00048342293393676533,0.0004225299810293619,0.15392408881086597,0.8451699582741679
2221,9.357280309311851e-05,0.000826587602535049,0.04412297237470765,0.9549568672196642
7167,0.001715487932965248,0.0329680340023116,0.04590284759668839,0.9194136304680348
9193,0.001356212845886745,0.004948937025571594,0.15535508471025333,0.8383397654182883
5404,0.001024003750650425,0.00038175141781871365,0.05984362429969936,0.9387506205318316
6936,0.024296044192803585,0.34930398978032845,0.06718165699215903,0.5592183090347088
7461,0.24580664690013618,0.72603424611457,0.01042023136973235,0.017738875615561277
1548,0.0009778866697405233,0.0005429558852933953,0.1058414856230065,0.8926376718219595
227,0.00036044640029175905,0.0010424232665493488,0.0163839557181183,0.9822131746150405
7296,0.00357545405009421,0.01035367826648285,0.2593779860797182,0.7266928816037048
94,0.014655229610185656,0.00471593253619683,0.27877781017083114,0.7018510276827864
23,0.00581227739612795,0.005382983380242967,0.081982816681869,0.9068219225417602
6284,0.00043326072724372307,0.0012399885390790427,0.01605965765264592,0.9822670930810313
971,0.008577278583848984,0.005143304211450601,0.13741506282510255,0.8488643543795978
974,0.00540599037341739,0.01103572109653632,0.04645979767376425,0.937098490856282
4058,0.00032228679648664836,0.0017534856021641826,0.14992879085656377,0.8479954367447854
695,7.656432353622504e-05,0.00016583392194848148,0.01628486740379492,0.9834727343507205
8511,0.0005819752583790498,0.0017553175106627605,0.026596465159432908,0.9710662420715253
9226,0.001846995105621738,0.009492141983410637,0.07870248277924469,0.9099583801317229
1989,0.0009629749801058895,0.0012910402687011239,0.0599908512435947,0.9377551335075983
5530,0.2917462035917904,0.6759016361568441,0.003886919244881955,0.02846524100648364
2955,0.001138787423473174,0.002636334443153249,0.01698669283493181,0.9792381852984416
408,0.1036050685647773,0.22539942479795416,0.16694026530545752,0.5040552413318109
7643,0.005498093941820266,0.021480711982452917,0.05306854623838671,0.9199526478373402
1148,0.00016968772417677664,0.0003906140593642283,0.08877093127970559,0.9106687669367534
1056,0.0006149732510161817,0.0010194339918731066,0.06563058909100734,0.9327350036661034
168,0.0012476706918748068,0.00992007758126171,0.12528847848224842,0.8635437732446151
6202,0.026218567926510464,0.01583839796426639,0.26842659856469,0.6895164355445332
410,0.023534777132604826,0.027732016335340056,0.08691139107787037,0.8618218154541848
240,1.9519558959511147e-05,5.506893700379483e-05,0.171915924857146,0.8280094866468907
2492,0.00015286162832760805,0.0003186629901232038,0.005919472841647511,0.9936090025399017
5441,0.12867561519616022,0.1136346833948918,0.1561949652542047,0.6014947361547432
479,0.008108623759895663,0.012131965863541889,0.10889551299786326,0.8708638973786992
5731,0.02018672651948344,0.061761137052569866,0.04596229857279184,0.8720898378551548
7266,7.872714955177277e-05,0.00015101756373705444,0.003692995763970663,0.9960772595227404
533,0.0001233933026331539,0.0007378427841870442,0.005599043869152743,0.9935397200440269
3313,0.003940860074534059,0.012004601087278214,0.15732980583014977,0.826724733008038
2434,0.0001244410084846483,0.0003101636818666532,0.03848403995972207,0.9610813553499267
4846,0.0015526939323207423,0.004803025383102742,0.02960899120061114,0.9640352894839653
444,0.005463135279389144,0.025483723137656334,0.1683685662395358,0.8006845753434187
1523,0.00026141775962424513,0.001899040404110705,0.12076847887904171,0.8770710629572233
454,0.08859081580865409,0.6133851865779746,0.13273740072259885,0.16528659689077263
6546,0.00016396227150318815,0.00026614947778550417,0.06887787731436278,0.9306920109363486
384,0.0009394103974855184,0.0028928372712591363,0.20830829105637813,0.7878594612748772
355,0.0019390968623986212,0.003949986239480806,0.007463505829494976,0.9866474110686256
4093,0.0030943794225563852,0.011183937966920928,0.0570722527023824,0.9286494299081404
2626,0.000825357117865046,0.0032242618155314757,0.030299309552356928,0.9656510715142466
140,0.0007819542795308507,0.0014965473727327763,0.01809212025327927,0.9796293780944572
6572,0.060379454285245826,0.43801566683205134,0.2442571745852201,0.2573477042974827
152,0.00015411983090385552,0.0008643963950147975,0.011344131413392973,0.9876373523606884
469,0.04641811796350256,0.16661471707756756,0.03706204250851708,0.7499051224504127
5621,0.4638666393922742,0.2525701206023142,0.1113733397583195,0.17218990024709196
662,0.00034735883862922995,0.0009315105601089952,0.0236602589231485,0.9750608716781132
3260,0.4703911719440527,0.2838387607449879,0.1441806130743837,0.10158945423657569
803,0.00032222998281997194,0.002028312750552983,0.20706658749399445,0.7905828697726326
5203,0.0022537933694315297,0.004553275961190604,0.012522591075716655,0.9806703395936612
6538,0.00020973666602453695,0.0010213149853879958,0.11951223672339446,0.879256711625193
8048,0.004867573236508055,0.012118835513303812,0.032738047544491326,0.9502755437056968
7772,0.11534804555143827,0.2847792179678414,0.03835671570554061,0.5615160207751798
300,0.00010073794156475652,0.00020088092991165266,0.23136449528476233,0.7683338858437613
1101,0.45147220911506714,0.11376044261358985,0.22045684332039406,0.21431050495094897
7058,0.27775811726682825,0.7118502126537463,0.004376620768983565,0.006015049310441797
1013,0.0013032592219390296,0.000678819863810279,0.06742185639194084,0.9305960645223098
6289,0.0911434624102177,0.8718347653425181,0.01288899539091513,0.024132776856348973
6426,0.10011807835255951,0.8955212674126852,0.0028179126526247963,0.0015427415821305506
5756,0.0758427707511939,0.9101147387437869,0.0017627543516460693,0.012279736153373346
3938,0.40363130793239593,0.5476123788403117,0.04383262705324796,0.004923686174044411
6902,0.11687249394699437,0.4985299390043569,0.22777217742863318,0.15682538962001577
2071,0.8059830109826795,0.18256425961085979,0.008819549029314696,0.002633180377146
5641,0.2626356217957677,0.7033273599467362,0.028387718489328976,0.005649299768166991
5507,0.1988164911850509,0.7653524308556124,0.03264339180534076,0.003187686153995973
4100,0.5977627691629085,0.39419548211289746,0.004642125121153542,0.003399623603040451
5618,0.1945517937520199,0.7932735533011026,0.001733560057466694,0.010441092889410655
6144,0.12555899859394196,0.8186919296127512,0.03282576875035588,0.02292330304295103
2404,0.5142248286195001,0.4630375134340062,0.021104580961212167,0.0016330769852815437
7472,0.5381593390927707,0.4538720551780613,0.002336806450732718,0.005631799278435391
7865,0.012467029759127087,0.032846790476207616,0.613407626192398,0.34127855357226733
2170,0.13522062030210164,0.35355638734088596,0.10114719514477037,0.4100757972122421
3852,0.21287351048271203,0.7527034639536763,0.008198569435847243,0.026224456127764428
780,7.821174055355864e-06,2.737661519699886e-05,0.04516525048214807,0.9547995517285996
441,0.0003550168363801943,0.00026904526176982184,0.29040773630507477,0.7089682015967752
534,8.320306546859286e-05,0.00032933191089892935,0.014570427515129832,0.9850170375085027
5613,0.26127677023405366,0.70300012822265,0.014739716373422721,0.020983385169873553
6955,0.0002387930889240552,0.0022272396805782546,0.04432842864841364,0.9532055385820839
2774,0.011122787624420231,0.12760938126548538,0.1391134546784927,0.7221543764316016
9306,0.1610153633140497,0.7864808886519534,0.004836113144863824,0.04766763488913307
3982,0.01904692706264954,0.00820155640499617,0.05829399644981328,0.914457520082541
6323,0.022626575294603934,0.3355379917976394,0.06538110390204281,0.5764543290057138
1157,0.044662465906396866,0.3493821322844333,0.09582853080575413,0.5101268710034157
6720,0.25368074552917624,0.7425937376734482,0.002051701732685751,0.001673815064690083
2569,3.991539695115157e-05,2.5265714075785087e-05,0.008058361290361523,0.9918764575986116
9224,0.0023384312913226697,0.020490216551103706,0.34547664678798684,0.6316947053695867
7186,0.5561267325236827,0.33576911828860156,0.0245434233296074,0.08356072585810838
244,0.17776930460733606,0.15001621440730165,0.3526675059726612,0.3195469750127012
948,0.36576511973889275,0.48134058266506036,0.04925370495356347,0.10364059264248351
5225,0.006163875602681898,0.0031649436835722244,0.08687473976236124,0.9037964409513847
3410,0.5565480103983467,0.42438431902835616,0.0025213047226050377,0.0165463658506922
6718,0.05195166530668654,0.04230512397073522,0.07248434670859354,0.8332588640139846
4345,0.00365237993697357,0.014458632879334266,0.15656894565052104,0.8253200415331711
3565,0.3133997061599778,0.6820375556159822,0.001830878047571784,0.002731860176468187
5656,0.5756634656554612,0.2941768735278923,0.02078932927991157,0.109370331536735
4208,0.003511935925073045,0.010036389042775906,0.035869823580947674,0.9505818514512034
8209,0.003480799077662969,0.0039478325112036125,0.32494969094753073,0.6676216774636027
676,0.0005493585219571907,0.002975969224204355,0.2775371431742342,0.7189375290796042
7873,0.000414381186157742,0.01884916884287063,0.031980253278293735,0.948756196692678
6811,0.3784528324915288,0.5087343651468567,0.06382515840565384,0.048987643955960745
5254,0.0005814312238876154,0.0010388053911149604,0.06843110520665277,0.9299486581783447
6016,0.00040641796378807746,0.033423998579184336,0.13919121245477897,0.8269783710022486
3142,0.00012588674707680658,0.0008064029414157313,0.06313134442985734,0.9359363658816502
4289,0.2884971246031381,0.31651784502233477,0.023050190012012032,0.3719348403625152
2697,0.26697291903380066,0.7261892256273048,0.0032277020738432373,0.0036101532650512076
8879,0.30271203972389477,0.5882739533793823,0.010440898572200697,0.09857310832452214
6540,0.0006246052084169285,0.003455383500157504,0.2935730090260695,0.7023470022653562
2270,0.0033656936066559814,0.013740072704504058,0.09123432614743127,0.8916599075414087
6904,0.0013275686342271464,0.005857897607895138,0.21280474634849691,0.7800097874093809
2192,0.18722550713687405,0.6823275610245537,0.05481247597511522,0.07563445586345711
684,0.00012307195186385213,0.0006069256111544588,0.01566931708361343,0.9836006853533683
6665,0.004121477237140384,0.038795199510611965,0.12881586506648973,0.828267458185758
4076,0.0034437515584371105,0.0013963933917790126,0.2509052397293939,0.7442546153203901
7013,0.008764222821464404,0.031514767224772394,0.23668239949736344,0.7230386104563997
3387,0.094940132556343,0.2924347610471997,0.07787183664660048,0.5347532697498568
4701,0.08879398109346502,0.7521903916122484,0.026037685569684492,0.13297794172460206
7671,0.5571127615617567,0.42288804472146346,0.00746495283335789,0.012534240883421928
8345,0.006283563731555446,0.0014933723014439193,0.1229920740361308,0.8692309899308699
6637,0.0010704844308006196,0.009321779800385547,0.292160019725506,0.6974477160433078
1176,0.30308891259346554,0.26196688147134384,0.021987887848804715,0.41295631808638583
1027,0.00018514589267557035,0.0008130780654892689,0.14148938900325891,0.8575123870385762
217,0.00022166518241427204,0.000886661243751998,0.04236584365444288,0.9565258299193907
170,0.0017429807985351296,0.015501025299791344,0.23169037187839722,0.7510656220232763
2184,0.58748965589592,0.3701055242352826,0.010580833494356033,0.03182398637444155
7907,0.0001264409115670283,0.0001697829368628481,0.07902457118100786,0.9206792049705623
3114,0.0028642512007666984,0.0073181792723213,0.02976282900955285,0.9600547405173593
4399,0.030271195855380018,0.19116049653840236,0.032016792668496157,0.7465515149377214
455,0.009006438090276176,0.03637871710218991,0.05121108876857169,0.9034037560389623
4626,0.22432131571346803,0.7550344460107522,0.0034029851186504682,0.017241253157129162
8798,0.49188609694825164,0.3748020552538591,0.030660946540081935,0.10265090125780725
3504,0.0007046061579851031,0.0008905286686775814,0.08860021848089521,0.9098046466924421
3664,0.3190265781699595,0.6069518351304429,0.044286184605254575,0.02973540209434307
8782,0.020329021623077072,0.021906603542427447,0.17710364515813087,0.7806607296763647
9247,0.45646235015526126,0.40498112210136616,0.08700013550527846,0.05155639223809397
6023,0.28539240636267604,0.6947960733519576,0.009083950606116855,0.010727569679249508
2440,0.0001607920046455617,0.0009047488389735196,0.12621481359151757,0.8727196455648633
1235,0.06627647321888011,0.07805080621631098,0.16123944973317123,0.6944332708316376
49,0.0004964341621440306,0.00127308311485949,0.20374467562078677,0.7944858071022097
1046,0.0012321329708348278,0.005858291256274398,0.09499991142704385,0.8979096643458468
3512,0.0004808585123118735,0.0020439161877116464,0.44243950711386587,0.5550357181861106
3356,0.48490948752659446,0.5009179758701048,0.00575434891924014,0.008418187684060675
203,0.00044608354977119407,0.0015245967699414025,0.0822650031994325,0.9157643164808548
1417,0.39815622528080713,0.5636444174783077,0.01090204768319967,0.02729730955768556
6417,0.00029346015056458256,0.0011776825288885107,0.06596086838007918,0.9325679889404677
3373,0.006799260357510926,0.010909813132029149,0.19486718628599567,0.7874237402244643
8101,0.3115985065744349,0.31625054121341567,0.025535867909421996,0.3466150843027273
2279,0.0010068073845632846,0.0012963496985949347,0.1828457922411919,0.8148510506756498
5463,0.019729861761886066,0.10164497005330121,0.21445887799762797,0.6641662901871848
6721,0.0008526543308041212,0.003998344318037931,0.0709310196440323,0.9242179817071258
7882,6.792853443265078e-05,0.00027337013749082964,0.013604414759465534,0.9860542865686109
8873,0.0006109301757314652,0.02233533871559294,0.3423396330688673,0.6347140980398083
6325,0.019667754420708203,0.06418148661145846,0.29665690303988884,0.6194938559279445
5091,0.6039050571390866,0.3752489732955231,0.009949852175506452,0.01089611738988374
2348,0.4087840105330067,0.47839318327473856,0.027065750914822703,0.08575705527743198
6012,0.707528459638007,0.1720649183313555,0.09480284084006732,0.0256037811905702
8468,0.28216265218307396,0.20724979667548799,0.3578807214646118,0.1527068296768263
7284,0.0030449784201521043,0.008472718077577827,0.07045340846602774,0.9180288950362424
3681,0.005588042630996447,0.0059475888685767,0.08914668180753035,0.8993176866928966
2388,0.05607726863014929,0.932413624447001,0.003317404843962767,0.008191702078887038
3587,0.04531909634576961,0.8569922374588124,0.007525722810830088,0.09016294338458807
8926,0.2856443254398467,0.7058912398472873,0.006148259561483365,0.0023161751513825924
1895,0.8092453581145939,0.1825448751405543,0.003370975630916814,0.004838791113934927
144,0.000428024691136686,0.0018836754469702716,0.25139526154116476,0.7462930383207284
163,0.0001622560975985476,0.0002029078062280843,0.05925678706084626,0.9403780490353272
1000,0.0015893882214950326,0.0011030116340022976,0.04170855440721317,0.9555990457372896
7843,0.06954233172211968,0.17537218841396737,0.04681383120548944,0.7082716486584234
2731,0.0043656361680519925,0.0006897377881128142,0.36451348793522537,0.6304311381086098
4857,0.0005701436672153186,0.0004992245437032229,0.06266830868794324,0.9362623231011381
8996,0.6055071822473614,0.13832435913062877,0.13378252782290406,0.12238593079910573
495,0.00294874661649573,0.00314370366953348,0.167544180794466,0.8263633689195048
6001,0.7046525500690102,0.2655011717221267,0.008223594099139343,0.021622684109723758
2649,0.0004094104061964155,0.002130538815395583,0.15831221756318323,0.8391478332152248
6695,0.0015796557074071104,0.0005831709553576117,0.22197727998864028,0.7758598933485951
5296,0.6705931671656109,0.30329978373166516,0.021428483158168664,0.004678565944555272
4391,0.1602894757246797,0.8028932342100253,0.008656873300852335,0.028160416764442683
5251,0.15343453853718395,0.8328229561939852,0.0018446351255054902,0.011897870143325311
7435,0.19756088921474038,0.6904228644833342,0.05518134302620109,0.05683490327572419
6567,0.5347222058352296,0.40663565642555993,0.0056055920356927625,0.053036545703517866
3411,0.32584921807992406,0.5840148172826215,0.019599048248195538,0.07053691638925896
8642,0.10829441871635251,0.26762793917509925,0.2330000314131032,0.39107761069544505
5380,0.0008279332913912394,0.0017207062591600437,0.25944129662031884,0.7380100638291299
1069,0.034849032072404806,0.33821218791522717,0.055622680126556294,0.5713160998858117
4928,0.001971058100090923,0.0030828068496131468,0.04519454484949825,0.9497515902007977
1650,0.12275846434701049,0.10102832043204964,0.5560846693553209,0.22012854586561909
6696,0.00035276873790077406,0.0007511270647423591,0.07796839804720088,0.920927706150156
3910,0.0008377355290477042,0.002564485946321054,0.010377494259952495,0.9862202842646787
8763,0.2775649237658597,0.6946646605640429,0.0028470094708685145,0.024923406199228927
9244,0.3485830638231036,0.6408271790487279,0.0035824482184497694,0.007007308909718708
5481,0.03761654017839805,0.12913853225996766,0.15483012933586743,0.6784147982257668
3950,0.12364782391779736,0.06974169627033629,0.13403389275407826,0.6725765870577882
5451,0.0005521869537933246,0.0009203565955391868,0.18574488576569836,0.8127825706849692
2775,0.008418718878867618,0.020559021832212185,0.16767966831076167,0.8033425909781585
3441,0.011835889683509522,0.2105606362131368,0.1814116153294854,0.5961918587738683
7019,0.5460070762673445,0.43061084061008903,0.006873150146640483,0.01650893297592603
1861,0.009998512707638735,0.10935710566995248,0.15954897219277892,0.7210954094296298
2655,0.002448407837414754,0.005618030275751475,0.4262777439181704,0.5656558179686633
9354,0.00035256798809722375,0.001775506692130914,0.14733926857764965,0.8505326567421222
6448,0.29807601964396296,0.6487146684694979,0.018855975038505054,0.0343533368480341
8021,0.06053987490396662,0.2226007986381294,0.21603316089880464,0.5008261655590993
8908,0.0009273313112697246,0.0011519876900172809,0.14996098225750581,0.8479596987412071
8678,0.0012042913539897404,0.006837090851257992,0.07813331280047248,0.9138253049942797
6899,0.000544234596500342,0.008194964932823973,0.06563034639503149,0.9256304540756443
6825,0.21994590132316758,0.6687733290591943,0.014730301935612063,0.0965504676820261
6469,0.37271545209714624,0.5235435845487032,0.019935793668348387,0.0838051696858021
2342,0.5844320856219767,0.3028354523827353,0.004392707191966573,0.10833975480332157
4665,0.005894832508475116,0.017997646579376327,0.5065319809514673,0.4695755399606813
4968,0.003004386709099618,0.007085865060133214,0.17200773858069468,0.8179020096500724
8376,0.3207665958422858,0.39954555036088,0.10138380266789263,0.17830405112894165
5659,0.001287541108107907,0.01112793806408953,0.2279041348004978,0.7596803860273048
2174,0.0014842150277969235,0.00030518975089645925,0.15969439974993974,0.8385161954713669
5806,0.6155129540926089,0.36109257168836817,0.015637899015978493,0.007756575203044389
4601,0.000716984373578534,0.001689105487874329,0.10213103918992274,0.8954628709486243
2516,0.6211866503758287,0.13215319666603267,0.03986426777315667,0.20679588518498207
2098,0.02467539818604686,0.1243889465275497,0.05976641137762317,0.7911692439087803
1896,0.6633470554126459,0.31172033577036007,0.01891465965489848,0.0060179491620955
9043,0.0016409669177555519,0.00441875607938637,0.10035113538325399,0.893589141619604
3703,0.4948255196526375,0.48279582965663653,0.01125622383367678,0.011122426857049143
3819,0.0010441183613699198,0.004776953399194443,0.3431768486052306,0.6510020796342051
631,0.0005986526954231984,0.00042471551539688553,0.04562666938127239,0.9533499624079075
1543,0.0020767374110164352,0.010306542858183802,0.053369047594702554,0.9342476721360973
2862,0.05571364351620365,0.040377027353342206,0.2162042551173173,0.6877050740131369
4454,0.0007493874854881099,0.00039611482540641095,0.1846013925805945,0.814253105108511
3511,0.4420253816199818,0.5417052649107793,0.0046539166102067065,0.011615436859032172
2341,0.011166684557718602,0.07390430624661033,0.17809387668300652,0.7368351325126646
8251,0.2791613267821517,0.22890828478263595,0.3173765250646469,0.17455386337056553
3304,0.2848554621752358,0.6414703155795843,0.0037575270667623765,0.06991669517841756
5951,0.00020537893677611998,0.0008807346440101241,0.04118338626289119,0.9577305001563226
8630,0.3156439618466174,0.5914713842930643,0.03287863036709469,0.060006023493223565
2673,0.0038097493046814874,0.043823109760909404,0.23668386179498246,0.7156832791394266
9173,0.7750292344144507,0.1991330760793305,0.012123673377094643,0.01371401612912423
8675,0.1154881837441769,0.7861756145196844,0.009115957192089658,0.0892202445440491
4046,0.0024656162170356272,0.005240292719253455,0.19995299007988301,0.7923411009838279
1051,0.2863346506564313,0.5542487101493894,0.0639908874201919,0.09542575177398749
7432,0.17760079353228433,0.8095061873355438,0.0043093679989622885,0.00858365113320962
4978,0.5559021831764803,0.4105946445272681,0.013333082065933931,0.020170090230317617
1947,0.00281699173454243,0.006829795563653208,0.28301472620665263,0.7073384864951516
2570,0.00012284545060906382,0.0003281759879965403,0.019538748506642552,0.9800102300547519
7006,0.4205872546849996,0.41475327399351053,0.10383454917037438,0.06082492215111541
2227,0.5727157820848081,0.4095102245649247,0.005881201917359393,0.011892791432907855
1475,0.08574134169436891,0.8998139772296688,0.008617189501781296,0.005827491574180921
7308,0.33789204744597945,0.43430174482457673,0.12976259014813893,0.09804361758130503
1049,0.6839751667211056,0.2858046775925688,0.017782863562163572,0.01243729212416222
9353,0.0009206568511512797,0.009383009108114885,0.8455215917739944,0.1441747422667393
1016,0.07852627914242226,0.10939128301688719,0.3861410122259777,0.4259414256147128
968,0.4674534009553837,0.3562439183511656,0.1033529061906405,0.07294977450281023
8817,0.3431765618727819,0.3124253541000651,0.27381691510663586,0.07058116892051726
3544,0.4751667842172868,0.37146186402143994,0.07509481572691899,0.07827653603435425
8661,0.29950138798079007,0.6915820862362207,0.0033735533987912895,0.005542972384197956
2939,0.005278242131307504,0.011793331044840373,0.2735291752193506,0.7093992516045015
9208,0.038552948418493,0.021308225241833522,0.1959489291701448,0.7441898971695287
2008,0.5890457386518145,0.39899133851942414,0.010498353781956857,0.0014645690468043625
1490,0.012869156360137687,0.10799915249520872,0.2176580515429878,0.6614736396016657
3220,0.15324306734555898,0.7216345709423625,0.02959162175960734,0.09553073995247106
2630,0.4023255695353941,0.5246889465061134,0.05810390325245798,0.014881580706034531
4919,0.30356426607678394,0.525006881078222,0.05527790420349283,0.11615094864150126
9393,0.2666065100908706,0.7178151136381623,0.0012946652479723913,0.01428371102299467
8655,0.6141573832284529,0.3627590533925587,0.0014798045978604846,0.021603758781127753
7125,0.0020718543100502976,0.002160582297886017,0.461061242773657,0.5347063206184066
6225,0.00566004885433072,0.0079630154937949,0.23441263999748366,0.7519642956543907
5855,0.4754501015468224,0.40521670574987506,0.04454134052223267,0.07479185218106979
3969,0.3328156932277561,0.6183855917995351,0.044735536972945106,0.004063177999763538
1521,0.4266599354054203,0.4421778926447472,0.08100058362377419,0.05016158832605848
8662,0.6580442620533097,0.3292938606589447,0.011066044166072798,0.0015958331216727392
4844,0.7840847592632798,0.18079968052067094,0.01407661910105482,0.021038941114994474
3642,0.002732544398955994,0.002058862001096276,0.1794143190650202,0.8157942745349275
9329,0.00176423233188539,0.006107394020901711,0.3739135088651556,0.6182148647820573
494,0.15443815933549293,0.7698073445383107,0.008199340628419234,0.06755515549777712
9106,0.049007334742768645,0.9351522893257251,0.007665504504026904,0.008174871427479446
6821,0.09130832875048153,0.8258581157863771,0.011453610361694337,0.07137994510144695
8479,0.3009993862371984,0.6888193071070972,0.005436014302166241,0.004745292353538282
7755,0.12945359291156422,0.8576705272561986,0.003207674915001485,0.009668204917235848
2580,0.09218260209436475,0.8662704313515532,0.02642210424242564,0.015124862311656322
3936,0.0019203208184215893,0.02456606664107209,0.06834311913753768,0.9051704934029687
6778,8.832212710468218e-05,0.0026841989918515658,0.3834864224378302,0.6137410564432136
9237,0.00014909203146597628,0.0029730088372674933,0.04603809542555663,0.95083980370571
8523,0.297666075028948,0.6969583559607019,0.0017105650587931954,0.003665003951556854
8736,0.003916434791236527,0.026414775796826218,0.10505734320370756,0.8646114462082297
2891,0.0108301600018893,0.05149264539542337,0.17319337238610147,0.7644838222165857
7201,0.0005634967181115862,0.001451030828013386,0.1521219164687358,0.8458635559851392
287,0.00027801066393914116,0.000732140600452636,0.06679208582518764,0.9321977629104207
5630,0.5408567263353605,0.451423156852523,0.0020359852902277664,0.005684131521888655
3344,0.007670546773344721,0.015896414896165723,0.1962903717200749,0.7801426666104146
6923,0.03284534258655483,0.032270724649137966,0.26306406370483837,0.6718198690594689
8392,0.00024208194328263945,0.0011796910857411198,0.050553410643672324,0.9480248163273038
8907,8.347982770981595e-05,0.0002793040591419815,0.10931023008544603,0.8903269860277022
1955,0.00183797586684683,0.006447957971838088,0.1927171309236097,0.7989969352377053
8718,0.00044153124904107,0.0009075492322462265,0.12271215849215014,0.8759387610265627
2595,0.000981663386700822,0.0006555234476035768,0.13890869551508506,0.8594541176506104
7292,0.014654299192471585,0.18750925035943083,0.037326093004014835,0.7605103574440828
7526,0.0002408149051563928,0.0006099975104525272,0.13015512292382314,0.8689940646605679
6364,0.0010501502837210997,0.00848320577081241,0.05236670750250314,0.9380999364429634
4492,0.005190132601642746,0.08817087656551861,0.22074328681729288,0.6858957040155457
4423,0.060693636319486356,0.14417974666805264,0.17045463313724488,0.624671983875216
3132,0.4995112714484904,0.48638480768327114,0.00482528342857085,0.00927863743966762
6726,0.00041490601719898615,0.002360652906321185,0.1664758013109651,0.8307486397655147
4796,0.00010613702487302454,0.0004087193438914056,0.09500726007681683,0.9044778835544187
6929,0.0053074807632364175,0.09568344231036259,0.19937683869461933,0.6996322382317817
1699,0.09246711293242685,0.38225957571179586,0.10215574260367853,0.42311756875209866
8358,0.015501483024384494,0.009830516657354982,0.27788468499682845,0.6967833153214321
480,0.004188695259660518,0.006379468792155148,0.22870024346092876,0.7607315924872556
8834,0.0001948263389036759,0.0007495307814924795,0.0794652858365142,0.9195903570430896
2427,0.0003186348474821108,0.004350781613880087,0.028488905275482885,0.966841678263155
7926,0.294634538207967,0.608429896231671,0.027749543203061097,0.06918602235730097
508,0.0005566726513434201,0.00041640061196777413,0.16158464884399296,0.8374422778926959
4078,0.06548610874236827,0.8681015973440387,0.026693049231464618,0.03971924468212835
3607,0.034383335841417915,0.1610279560743198,0.24568926449228343,0.5588994435919789
439,0.0172015862640983,0.11849658526903799,0.18427882223789116,0.6800230062289725
7067,0.010309299127142327,0.036830260624211866,0.11890045741815815,0.8339599828304877
9426,0.002228795993629429,0.029783367335636152,0.15765331552462508,0.8103345211461094
6089,0.0009310494726997067,0.0034073525293257293,0.11223277387419636,0.8834288241237781
3961,0.002331557276324687,0.0036324011401442555,0.15435394977420847,0.8396820918093225
7483,0.00014166836782867416,0.0001348114191592102,0.09584398382900088,0.9038795363840112
2135,0.27603371257182946,0.4368804222428026,0.028128208924115883,0.258957656261252
7785,0.2656565617611208,0.6991814959388883,0.007663334831943972,0.027498607468046814
7545,0.3231011374406144,0.584309546120797,0.016708404283313313,0.0758809121552754
4239,0.4887281179618942,0.4302362798799531,0.061831587811294844,0.019204014346857836
6127,3.6803479623681706e-05,0.00047192299858903665,0.16366931790912548,0.8358219556126617
6424,0.15092702170701208,0.8193789321339751,0.006538048623671052,0.02315599753534186
2698,0.0008570126214270131,0.01064594909554086,0.08026049415009331,0.9082365441329389
1885,0.0008389596236618082,0.008606658708503504,0.10463227037579508,0.8859221112920396
720,0.00013302559182876476,0.00014604170457761158,0.0253476495033003,0.9743732832002934
19,0.0029634450309973573,0.010205346265927458,0.07628787730555538,0.9105433313975198
30,0.0004396486662123882,0.0018523022660475832,0.19818352769507996,0.7995245213726601
8589,0.0016159519057968967,0.0077487535209792265,0.1371912156409128,0.853444078932311
8691,0.0006116645514941965,0.00803025502454845,0.5033840474856226,0.4879740329383348
1642,0.00015665578668748773,0.0009667086017728602,0.03900730943765723,0.9598693261738823
7381,0.0004566298145842479,0.00019555730951990806,0.047864202267611844,0.951483610608284
6528,0.005259046671723108,0.005983037498727734,0.28493905839526845,0.7038188574342807
2954,0.00042142291623349507,0.0005649654277152979,0.2191981861648591,0.7798154254911921
9454,0.3419232000982717,0.6002735894437877,0.02229396012021559,0.03550925033772508
545,0.0019380299805934684,0.001592373952519526,0.04251848037278939,0.9539511156940977
2422,0.30444820631627767,0.6420373196745387,0.00794822413059225,0.045566249878591446
8648,0.00019902399725716657,0.0024826228801908302,0.05267821799096384,0.9446401351315882
8274,0.0027969654852102043,0.006456163257562645,0.20405085170636691,0.7866960195508602
9305,0.0003079503798900896,0.001593583083693878,0.0800941642415419,0.9180043022948743
2065,0.002300203304240736,0.004126551789557739,0.037521728459595304,0.9560515164466062
6368,5.39129350737839e-05,0.0006409387693698374,0.07759819012423577,0.9217069581713206
6313,0.2594032042510739,0.33125318749910687,0.27768488566908966,0.13165872258072947
1863,0.44265658192860485,0.5477166565022888,0.0011545972460752047,0.008472164323031169
2538,0.3195780538234226,0.104529268039478,0.33828928892159665,0.23760338921550278
6481,0.004539766483355747,0.03604556686611728,0.31533591082055046,0.6440787558299765
72,0.01801689814610094,0.058612673183530604,0.2204674719571824,0.7029029567131859
6436,0.009589265391450807,0.006776890097539018,0.5000821063816039,0.4835517381294062
2615,0.014366601478881615,0.008369792135258044,0.3431174239361765,0.6341461824496838
1908,0.6139546163514901,0.33512831541238763,0.018984769492811547,0.03193229874331084
4966,0.04092112642824907,0.07321183862381937,0.2781466273281584,0.6077204076197732
5916,0.19848914980413138,0.7493758992787362,0.009374127454946833,0.042760823462185606
6367,0.6206820932609255,0.3695475307947153,0.006456844412678085,0.0033135315316811906
31,0.09464739322662925,0.6341649606598079,0.06888207069237628,0.2023055754211865
1934,0.05599900836385286,0.11327647996801046,0.1045701068852002,0.7261544047829365
3805,0.005342380833267022,0.009377144912202078,0.16523598305316825,0.8200444912013627
2945,0.013172731060804714,0.007592800337204951,0.18870906374387653,0.7905254048581138
859,0.004258814230295248,0.030476114609946005,0.0830903307248865,0.8821747404348722
5565,0.012424516569025414,0.12637937866421867,0.41350764617941055,0.44768845858734524
8659,0.001040259150900656,0.0015877030309291587,0.3824921314379398,0.6148799063802305
1390,0.06747348327309621,0.029896090265002933,0.27101644079472265,0.6316139856671782
531,0.0003214085117919715,0.0010305311029836853,0.19298736704510533,0.8056606933401189
2291,1.263402536352288e-05,2.4560927939229693e-05,0.028464891893392467,0.9714979131533048
1135,0.0009419950164451231,0.004784596333580143,0.033773194253955884,0.9605002143960188
1974,0.16904877924346362,0.5756323746422173,0.06126837193637807,0.1940504741779409
7434,0.033452863672098855,0.049040964973281684,0.532178499975041,0.3853276713795785
457,0.0009459724292853136,0.0019364574777474058,0.09137411363898819,0.9057434564539791
8538,0.02046810495090142,0.05865795055523841,0.24705874866341068,0.6738151958304495
2923,0.0006674483663391238,0.0008565720657846345,0.1821298836402353,0.8163460959276411
5150,0.33515161639623364,0.6279952062216586,0.02077240578465103,0.01608077159745665
2646,0.00117715068906965,0.003450998608495295,0.09040849201427113,0.904963358688164
6687,0.006673144385079712,0.008572954194658478,0.02876220266554249,0.9559916987547193
5972,0.02513935460181077,0.6869258250950818,0.071578572950448,0.21635624735265954
8571,0.00013145023068913573,0.0003360548998140265,0.08902874736478898,0.9105037475047079
3580,0.30648240694185036,0.6195574713977479,0.007179837444572309,0.06678028421582952
2720,0.4728889064312193,0.4661958265178052,0.0070052204979896325,0.05391004655298574
1616,0.007198887247410652,0.012836627497528631,0.027089595391775426,0.9528748898632853
8604,0.10224484178637254,0.29487767582603247,0.11068388265638275,0.49219359973121235
2385,0.002787337739574943,0.010847713963400734,0.31599403878098997,0.6703709095160343
8438,0.19325318013229587,0.5312254412179838,0.16268005309656133,0.11284132555315907
96,0.008654270237298863,0.020413891963712107,0.2981597786679552,0.6727720591310338
2067,0.0008271849783640057,0.0006522723257660965,0.15635029379014498,0.8421702489057249
7213,0.0044835644191030056,0.034137853243745284,0.15851258872822654,0.8028659936089252
4259,0.0004280444342107207,0.012673508770364552,0.10918002841628185,0.8777184183791429
1030,0.000840184017812426,0.007861392034643902,0.5223473870295655,0.4689510369179782
1668,0.12597710684163063,0.09254502876038687,0.18778267184592215,0.5936951925520604
4638,7.871711335662964e-05,0.0007351338589437316,0.12668417859508577,0.8725019704326139
3871,0.01776135797224433,0.02897145892654506,0.24441385743685082,0.7088533256643599
5387,0.052972865451079855,0.2597911708702976,0.13113223693498946,0.556103726743633
4070,0.001816246981969141,0.008470731338039904,0.41946422058042776,0.5702488010995631
2206,0.12954327802142931,0.752677840237395,0.04998913357923429,0.06778974816194136
2222,0.2903067133542692,0.680673131357795,0.004398861951632211,0.024621293336303553
2838,0.001266353605618965,0.0024984743149025967,0.11897858138286123,0.8772565906966172
8580,0.2580473146827844,0.37759219791448706,0.09159289261495471,0.2727675947877737
6877,0.009989531363027968,0.12594809247497926,0.3648597550400541,0.4992026211219386
7965,0.2084654207561808,0.5709739808861475,0.06737467645679103,0.1531859219008807
5905,6.788596363073256e-05,0.0009566285076387305,0.014327524845965396,0.9846479606827652
7715,0.10632391137831587,0.15572831335453105,0.3535106082059894,0.38443716706116365
8393,0.18853775452327212,0.43729269505606444,0.07123070545788734,0.30293884496277607
2278,0.0010685213259477092,0.0005597032430264875,0.05517489111090036,0.9431968843201255
2004,0.2544076247165333,0.7121183176013687,0.018204438724689576,0.015269618957408658
5306,0.44532401275692723,0.5330231194954798,0.015434508663349462,0.00621835908424351
3970,0.4834558313906181,0.4891118571573215,0.007914203659871527,0.019518107792188915
5960,0.10591174521505398,0.8867665387194743,0.0035666724379199693,0.0037550436275518174
7752,0.3298834023387971,0.6233597181421285,0.007347000875914169,0.039409878643160236
4625,0.0027491819102146643,0.05246235211093428,0.1445065234069479,0.8002819425719031
5021,0.10922966220709515,0.12945876945798956,0.24550278073572204,0.5158087875991932
3027,0.015276085731379481,0.4082139704923722,0.1405452227527615,0.4359647210234868
6058,0.1424126975327343,0.7964566600395174,0.012636222747237755,0.04849441968051055
2201,0.05539835502055643,0.5448159918881385,0.07581203033271089,0.32397362275859426
8150,0.2325769084673518,0.6055407962705127,0.029944491317255517,0.1319378039448802
5170,0.17141040837660054,0.7983267896609803,0.011745721318035026,0.018517080644384058
3815,0.007717802922435385,0.0541486172012759,0.2369583964912496,0.7011751833850391
9137,0.027557500940162388,0.02785594005354744,0.2352374770823729,0.7093490819239173
7982,0.4913732993282605,0.4692441845583463,0.0157564193482613,0.023626096765131777
6689,0.29742529153742986,0.6762774575392465,0.006778683214192291,0.01951856770913129
5975,0.20572842144568826,0.7874006589241267,0.002443860920988838,0.0044270587091963165
3909,0.7865222656870179,0.20796143251820742,0.0036104727874772904,0.0019058290072975297
4498,0.27325050017969077,0.5296942082512555,0.025402010977409344,0.1716532805916445
8255,0.32695264478043906,0.5810314543684174,0.006200255271636802,0.0858156455795069
8960,0.0065045368966698425,0.036678359026936475,0.010515318015028901,0.9463017860613647
7443,0.6422140920578003,0.3230058051800617,0.010586794165082607,0.02419330859705532
3650,0.11631728042209703,0.8299915141776154,0.018406349417361908,0.035284855982925654
7271,5.207304417523733e-05,0.0016069247632328585,0.1504830561828578,0.8478579460097341
4107,0.00159473199184877,0.040805545088050905,0.2313000026835314,0.7262997202365689
5678,0.4536007994847524,0.48314462103594824,0.01709315525892132,0.04616142422037804
6723,0.03012676117527423,0.030600980718548425,0.029033089454389364,0.9102391686517879
4340,0.1704327780667842,0.22694697308494682,0.11065067722552897,0.49196957162273997
7104,0.0023828557835976283,0.002442548818030085,0.13415125120748048,0.8610233441908919
6533,0.014590855436415114,0.013578902150483102,0.30387559400513475,0.6679546484079669
5736,0.15990548097682422,0.5902819296009972,0.016966699903262515,0.23284588951891594
2024,0.16621195642209038,0.680517255064967,0.03220386800014245,0.12106692051280014
1075,0.20307168578235946,0.7050437346924575,0.020106245703149034,0.071778333822034
7182,0.21373127926553798,0.42502900736650717,0.05908171518323687,0.3021579981847179
7151,0.09822645657639194,0.3163471961134431,0.0844917524363485,0.5009345948738165
7503,0.28300217648225545,0.6847098655998944,0.005329089477416605,0.026958868440433544
8269,0.0006546963199124901,0.003577998627782634,0.5365004642611247,0.45926684079118024
2086,0.26538397280877696,0.7078349700678281,0.007985505791838092,0.01879555133155691
2470,0.1821488197769479,0.6811969420184035,0.037030903988594994,0.09962333421605352
8016,0.4795058968271092,0.5154153262905679,0.002251721129834186,0.002827055752488674
8156,0.2965275623493594,0.6667940523374173,0.012416154858069395,0.02426223045515381
8030,0.010779634286130896,0.02500385187504708,0.13128752374279787,0.8329289900960243
7534,0.00016482801159743452,0.0008545110982799613,0.04246642868277383,0.9565142322073488
6935,0.15294910786906363,0.7469705571954148,0.030379378116286205,0.06970095681923537
4739,0.2715212352458253,0.7241057019631875,0.001266225501767292,0.003106837289219893
4151,0.012867985853150481,0.02075870707769774,0.13680403799589536,0.8295692690732565
1100,0.00033250770380134116,0.0020141887637710886,0.08307823825277998,0.9145750652796476
4090,0.28311313583270886,0.628566106308802,0.046657844878266554,0.041662912980222566
5797,0.0012769837439658223,0.0006415829251225571,0.034674184842129835,0.9634072484887818
4760,0.1457130579764547,0.08127375462353711,0.40421347546883996,0.3687997119311683
6435,8.203374525873097e-05,0.000796528586310326,0.18815882155051475,0.8109626161179161
3881,0.316538033667009,0.4999984345138351,0.11276852848514936,0.07069500333400654
8311,9.253953578716498e-05,0.00039836320324350286,0.05939249969957311,0.9401165975613963
4429,0.2022137112656323,0.6775754419653679,0.06857457640527205,0.05163627036372768
2142,0.03217747803327184,0.0938952490226639,0.02001633485784773,0.8539109380862165
8433,0.1709017381670965,0.621075183444562,0.05548905192336835,0.15253402646497313
7945,0.3681304047264313,0.6115920142888932,0.007831004303546756,0.012446576681128696
6905,0.0009236373263765443,0.0037457026813236456,0.06089764226829679,0.9344330177240031
1971,0.0018629230541961086,0.002240270516691414,0.13054343718274458,0.8653533692463679
8373,0.0006505408544174924,0.0006148292148048786,0.08542308225267128,0.9133115476781064
5991,0.01219000563149635,0.8066447744650346,0.0434217037090722,0.13774351619439684
9332,0.10140193129855021,0.8923290952876678,0.002198686281433995,0.004070287132348067
7444,0.3078371058636856,0.6815555770771167,0.002923038110465859,0.007684278948731734
9368,0.2452200690805337,0.7456776162119443,0.003249499853405798,0.00585281485411632
7804,0.03006750254858094,0.11776038655270475,0.057919513264133776,0.7942525976345806
9275,0.301458005680052,0.5405086814504323,0.07555468104594643,0.08247863182356932
7732,0.20686600992531573,0.7104787404859593,0.018981342320545665,0.0636739072681794
9290,0.009024666368809555,0.06771312229555904,0.18735853469929795,0.7359036766363334
4997,0.05325421103121779,0.9419257744835993,0.00335791020892539,0.0014621042762575185
7811,0.028654414519891504,0.23455596192383824,0.11999448868244278,0.6167951348738275
8061,0.0001907306386640678,0.0005539367643707429,0.028760993028044433,0.9704943395689206
5253,0.6231889843281961,0.319065132238482,0.011182404867212014,0.04656347856610991
698,0.003393238771861907,0.016565800770904245,0.521882839267101,0.4581581211901328
2390,0.3493913489478848,0.6322568390298754,0.01209522924257721,0.0062565827796625464
7351,0.025853469566651643,0.3227961284259262,0.10606148981313401,0.5452889121942881
8089,0.33330532405932606,0.5154959496758962,0.03685983962687088,0.11433888663790698
6176,0.0004977970563856057,0.0004520059214689672,0.3895621621533066,0.6094880348688388
6523,0.0003418696059413688,0.002230370552101336,0.10351675925841052,0.8939110005835467
2014,0.007948402059521796,0.013394478691928332,0.28166097323354167,0.6969961460150083
2307,0.025317475636211912,0.08711173632690414,0.5493744203501504,0.3381963676867336
4889,0.24419831888176383,0.603424487436275,0.05834464652539166,0.0940325471565695
3120,0.058853574166365774,0.7603065023789279,0.04920858509733178,0.13163133835737453
4871,1.3756702399311313e-05,0.0004616544855462064,0.10648951191867449,0.89303507689338
8014,0.00019119624814183307,0.0004686561933410589,0.0472879257439822,0.9520522218145349
7339,0.08865633284192223,0.8934089498292022,0.005888802525600546,0.012045914803274993
4692,0.42093888092271137,0.41496626755546223,0.012007605466485936,0.15208724605534046
9336,0.06678841511242498,0.21215118179979986,0.2929000649511207,0.42816033813665455
3955,0.3051418737312966,0.5868107007493123,0.03521384233927828,0.0728335831801129
5892,0.00032086914286320536,0.0005086860875154166,0.06919429339192304,0.9299761513776984
6826,0.20002446935484441,0.5647232675474125,0.08109517937673742,0.15415708372100548
2202,0.3290486263439576,0.647705923766247,0.01053233841868572,0.01271311147110958
4332,0.7420981977735672,0.21093409431241145,0.022586646244865012,0.024381061669156347
9097,0.40765267656652704,0.49585693072147446,0.04033721466986121,0.05615317804213736
5198,0.00045914484418383095,0.0024957374414395763,0.05469769719634441,0.9423474205180323
7138,0.0010555614583146783,0.007838988531355132,0.24809551980401476,0.7430099302063154
3832,0.08981487037302148,0.4363090076445246,0.15575878844179855,0.3181173335406555
4756,6.0176881833115794e-05,0.0005441454661969792,0.04633712343706485,0.9530585542149052
7414,0.10840622635888729,0.6116600602625444,0.03735842046756192,0.24257529291100635
4123,0.0004415600186699252,0.0009151453009614902,0.21196987264045286,0.7866734220399157
6910,0.37419489511442566,0.5170113103454406,0.009805774467129753,0.09898802007300403
8447,0.014264937588256145,0.009381483310338069,0.36973376282444165,0.6066198162769643
6840,0.0015781130855159872,0.005294923791267715,0.0550244834090023,0.938102479714214
7185,0.009207751860928173,0.3904225751979043,0.027416523268459544,0.5729531496727079
928,0.0002791176051142951,0.0005323680322029655,0.08894246805594527,0.9102460463067376
5805,0.005259730590540828,0.0601076333361974,0.18263891720595582,0.751993718867306
7645,0.11832687837588728,0.254809843490151,0.22749529989637746,0.3993679782375842
357,0.0001625241743398414,0.0005136208061444125,0.041332369687425215,0.9579914853320906
2300,0.0019086103500119275,0.0038091776292624242,0.38687049491190856,0.607411717108817
6630,0.7318650350189567,0.19371626172508233,0.027224878641978072,0.04719382461398285
7640,0.00018805489804700495,7.043128279652521e-05,0.04253714470955679,0.9572043691095997
3695,9.958549944655198e-05,0.0015571638728805732,0.09788720404144455,0.9004560465862282
5395,0.39721605408498867,0.5750194592927335,0.012157650436316544,0.015606836185961244
309,0.14914283705822867,0.14835503951479842,0.0772206125152871,0.6252815109116859
4346,0.48113500060647296,0.47231231235097537,0.01843179014279336,0.02812089689975836
7315,0.3967173540575662,0.5586027579415668,0.020328533914549345,0.024351354086317837
3634,0.6895883928800901,0.2959487312226921,0.0007784664519347521,0.013684409445282998
7533,0.36536514063389475,0.6129343654097408,0.004718372280172697,0.016982121676191942
9013,0.0017654221273137615,0.013574785779765768,0.3735836825283576,0.6110761095645629
1009,0.00014140507943850804,0.0007247542944901408,0.09360112870009218,0.9055327119259793
4170,0.00011118505047996212,0.002769871553290311,0.39183730423701735,0.6052816391592124
2344,0.430010439798759,0.4336307043597247,0.04683131953826908,0.0895275363032472
5915,0.3164628389016643,0.6469212648614632,0.018558820263226555,0.018057075973645875
9054,0.40835506648148195,0.5724862593755162,0.0076024493545867825,0.011556224788415021
4822,0.6608434259161199,0.3372323417599103,0.0002517927268724893,0.0016724395970973277
8517,0.4010283759263605,0.5731884967593357,0.002580750506885158,0.02320237680741862
1352,0.0002990467403661926,0.0008675950101154669,0.047581594864381196,0.9512517633851371
8196,0.001764663128899917,0.0012169808869588847,0.4234004628006078,0.5736178931835333
7668,0.06024390150927755,0.3685140808452672,0.2924672567310463,0.27877476091440895
739,0.4916867373601393,0.5030807554086836,0.0035633069830545492,0.0016692002481225265
2005,0.7362681928174626,0.12451782378199572,0.07626343460518921,0.06295054879535247
1613,0.08731562702736588,0.8340933150227422,0.03605954724078234,0.04253151070910952
842,0.0005922744747865306,0.0012524337699289817,0.030587216202721403,0.9675680755525632
5057,0.00036404459675866836,0.004547052580956839,0.015787534313637393,0.9793013685086471
9424,0.24617740564658389,0.4594568694444332,0.1505236668467566,0.14384205806222627
8388,0.000111850042777963,0.00020302233868843222,0.3582951760085938,0.64138995160994
885,0.0003685153741287728,0.0007309455454468137,0.024274020941781337,0.974626518138643
5428,0.10957620845439761,0.7125578256941396,0.06015009043813103,0.11771587541333176
1555,0.0028553513651121062,0.001094495098049596,0.41769077864096316,0.5783593748958751
1306,0.00038410767201460863,0.0013973759143398813,0.10324973318641392,0.8949687832272315
5766,0.3817451565553031,0.6115614291314808,0.003954830245167894,0.0027385840680482203
8722,0.1474372461891537,0.7857965898338608,0.021459326070576736,0.04530683790640887
8752,0.0963247309185135,0.8664605362765602,0.007957699518136335,0.029257033286789916
1973,0.3693969904661138,0.6042346082387157,0.010144769212939312,0.016223632082231248
5640,0.024270254784968814,0.14970871931956922,0.01680735567045663,0.8092136702250052
1654,0.00014530503525818356,0.001155657030271381,0.09285991671360626,0.9058391212208642
3156,0.0005863107280331144,0.0016281310929651478,0.04572792016468892,0.9520576380143129
5302,5.815010827055574e-05,0.00042942484138054274,0.08143812700907406,0.9180742980412748
7344,0.00014816413027576787,0.002395355762494856,0.08667207813711816,0.9107844019701111
7229,0.0024698956612651977,0.011198771679005915,0.3416140650102115,0.6447172676495173
7348,0.047511325253668114,0.9353961067377959,0.00809003892178885,0.009002529086747115
8483,0.18095585127030536,0.7783079135091006,0.012892183370515708,0.02784405185007822
9128,0.28916026754890317,0.5994276800009793,0.039761403091213475,0.07165064935890403
7232,0.047021921141223014,0.934996032746979,0.009054141318913324,0.008927904792884767
3315,0.0023782866204398105,0.0060980999671886435,0.06303445181323113,0.9284891615991403
8067,0.0017901489228776164,0.015407885799222837,0.07880119713319754,0.9040007681447019
9405,0.00018582163111948864,0.0007036753289053377,0.0382945912490191,0.960815911790956
108,0.0105624254758499,0.025708420920545497,0.1213546219500581,0.8423745316535465
3537,0.001358936657270649,0.008275559453199643,0.04106811049971857,0.9492973933898111
2070,0.00027175278622554105,0.00014453741214985838,0.04195988619934099,0.9576238236022836
5725,0.001640528955219953,0.01285258410884031,0.12168847059063,0.8638184163453096
3457,4.234888606965605e-05,0.0010500901794632922,0.09287845262492615,0.9060291083095409
5694,0.15406880860250638,0.8095381630606291,0.008914215665150197,0.027478812671714325
8687,0.001330683046842908,0.009995047457167127,0.10620342945823263,0.8824708400377574
8336,0.0004186631662016436,0.0006058956303085209,0.1246338198171014,0.8743416213863885
2873,0.0004633915353917365,0.0009021688859505514,0.07456561802188123,0.9240688215567765
6311,0.003923497093538719,0.0072062520982529915,0.3100860212893205,0.6787842295188877
319,0.00015147310243420628,0.002023341093805627,0.04318617523355643,0.9546390105702038
810,0.0017397953854345345,0.005994907647909437,0.09455574835644744,0.8977095486102087
2357,0.001118789204141883,0.0005546971200081619,0.01749637314940923,0.9808301405264407
7495,0.40531855374995396,0.570233640348655,0.010731592041180859,0.013716213860210344
117,0.0004005362398362192,0.0004536805858418063,0.12807970757465803,0.8710660755996641
8859,0.00030489974740408634,0.0006824233813884162,0.4660036729508303,0.5330090039203773
1693,0.002079037741701964,0.0010244634703078011,0.23161698948943146,0.7652795092985588
4949,0.000591951358143612,0.00842812109729012,0.08342218907327695,0.9075577384712894
243,0.00041204580606707565,0.0010908296432030735,0.16948024901243766,0.8290168755382923
2114,0.001893055068365069,0.0173884982961012,0.17404422891855773,0.8066742177169759
6042,0.3449614712697458,0.5635877441225066,0.018386529750012197,0.07306425485773524
386,0.005865330149892843,0.014042323053462001,0.044871919222330844,0.9352204275743142
5426,0.3331950506593932,0.6462093519977781,0.007134686274753491,0.013460911068075135
5363,0.3825588488783307,0.47887744584482467,0.09373536752368487,0.04482833775315979
2212,7.257574065752307e-06,5.8531607931436595e-05,0.07388331177130246,0.9260508990467005
6715,0.0006555056532734056,0.0018983080190532267,0.28344587140934907,0.7140003149183243
2631,0.00016433991458215082,0.0006418541523132394,0.11297570622752583,0.8862180997055787
4091,0.26127670535947023,0.7080871187493586,0.00623363214220756,0.02440254374896361
8382,0.18674269573286245,0.771387817090743,0.02997998839059243,0.011889498785802182
2658,0.48044169162763983,0.4365369931916146,0.048791346815198755,0.03422996836554685
396,0.00048579298127082276,0.0010848569785352322,0.22852771822317752,0.7699016318170163
8301,0.005389606455783261,0.046269097000323264,0.3158957582118189,0.6324455383320746
8821,0.3091422450935061,0.1907706135855268,0.3589250707014869,0.14116207061948027
7693,0.0004685800038369635,0.0023301220541722834,0.2297081414121239,0.7674931565298668
9300,0.020528402441799015,0.014226454018197646,0.6541271817814435,0.31111796175855994
9264,0.015425510703061716,0.02338237345406722,0.4825072733692939,0.4786848424735772
1874,0.00019824457289436667,0.0008818553273638525,0.05779934124642907,0.9411205588533128
535,0.0008211200942648689,0.005572798306850342,0.0873897281393118,0.9062163534595729
645,0.0008995907656431419,0.0016618905835379361,0.07636656735566165,0.9210719512951573
4485,0.2726344610079842,0.2976928648616513,0.1410426276667187,0.28863004646364576
815,0.011283878986860018,0.049593052571366474,0.6352545657451985,0.30386850269657517
7055,0.3036856355230212,0.6168536106941036,0.03318595927634043,0.046274794506534836
7539,0.2742146780134451,0.6245020356335467,0.033623950576720636,0.06765933577628752
3263,1.861147235707511e-05,0.00014144203486188717,0.022032577917145163,0.9778073685756358
1149,5.805027176566631e-05,0.00016614163108926857,0.06162806755609541,0.9381477405410498
1047,0.00040317803534751785,0.0022277797695377686,0.11171447025036807,0.8856545719447466
1477,0.012385585052806274,0.052852024689398855,0.20781711760363142,0.7269452726541634
8686,0.5209887341803926,0.3952769379527524,0.05519949491723162,0.02853483294962343
914,0.0165363824675465,0.0023174946381407393,0.21856891733100361,0.7625772055633091
6220,0.3498386597793675,0.6225279805529628,0.01208391421608183,0.01554944545158809
9044,0.7928463505373036,0.20509560001267105,0.0009581433400857857,0.0010999061099394238
5286,0.5306372620048573,0.4447778515694918,0.0034146784470508377,0.021170207978600038
1564,0.0040639837997691,0.0015915267178110326,0.1290676295472934,0.8652768599351265
1690,0.035962653899023866,0.0969051661242271,0.07998488757543688,0.7871472924013122
9049,0.6123146984425862,0.266235998809248,0.1030124434919112,0.018436859256254635
4047,0.013955075808579062,0.006663722347178159,0.26231744415572206,0.7170637576885207
758,0.001482267664482029,0.004956239236204452,0.05761277946982036,0.9359487136294931
8541,0.19622151553018738,0.715673273715759,0.03453603296156855,0.053569177792485115
389,0.004619216488534673,0.007726349611577378,0.0634781740102556,0.9241762598896324
5071,0.2638014536396646,0.7214140955346204,0.004327538587965964,0.010456912237748901
4113,0.40924242819620954,0.5883304056536846,0.001720109766954818,0.000707056383151191
8485,0.20448269376519215,0.732574851087722,0.02067154844584036,0.042270906701245524
4652,0.3862155913115164,0.5694160631304945,0.0035079270687828684,0.04086041848920624
4610,0.6250133161422964,0.2849581586243161,0.0801237494117349,0.009904775821652572
1412,0.00275356381312984,0.0013018393319594514,0.5671739963324215,0.4287706005224892
1729,0.30784036092123357,0.6445402516687102,0.015791450658562283,0.03182793675149388
3531,0.001119146278675001,0.005234343952046587,0.07318997651187831,0.9204565332574002
7451,0.0021967918221804487,0.0003609305496061193,0.0573959379837547,0.9400463396444588
8845,0.02143061310653934,0.02512794040500088,0.23926280213837106,0.7141786443500887
7767,0.6120651661717271,0.3352513091723551,0.037422271819635276,0.015261252836282569
5986,0.7952011430095184,0.11753296631747405,0.004171760305463431,0.08309413036754423
1327,0.0003044713380523722,0.0005047946246245473,0.23491824334417494,0.7642724906931482
8760,0.002263464394126799,0.0009611646798954283,0.06794788693237185,0.9288274839936059
2355,0.0002986205358519553,0.0009541241791417289,0.03813325411906919,0.9606140011659371
3541,0.004095153634228332,0.04554233786186076,0.05400002735231862,0.8963624811515922
9309,5.1983185651529665e-05,0.0004765156963524556,0.01456717417788123,0.9849043269401149
5055,1.5034260754470432e-05,0.00020350737860550934,0.10366081830206338,0.8961206400585767
328,0.0009323276041505457,0.0008929041642569519,0.20465633755362245,0.7935184306779701
8702,0.019920922639479508,0.14189483807286912,0.04123841137701697,0.7969458279106344
556,0.3789119942990451,0.49936998591663856,0.09997785840543473,0.021740161378881538
950,0.11889805497277552,0.40132218496458466,0.06483768524183034,0.41494207482080947
8034,0.39560503172306416,0.5047205440609885,0.025409187171825897,0.07426523704412126
5593,0.0001637122398543157,0.0020054194369636706,0.12240816356727745,0.8754227047559046
9078,0.005402764566954972,0.03372253540157203,0.6356149275058959,0.32525977252557714
6518,0.5475070504200312,0.43922331408051635,0.00758403361305619,0.005685601886396254
9087,0.3977979489064103,0.5699014299915136,0.005620806067725744,0.0266798150343505
8644,0.020594669278733668,0.13374750733585686,0.1351858729198527,0.7104719504655568
2208,0.7949694525221264,0.202147154909402,0.0011706649991398107,0.0017127275693317292
7962,0.20657199171787,0.7787155567167894,0.0029301145930316357,0.011782336972308943
6267,0.000803616874370444,0.0008765408518306851,0.06160276221454664,0.9367170800592522
5187,0.4338024842321529,0.5534175047511725,0.008336091507331899,0.004443919509342816
4653,0.0065732134675583215,0.011595639020566333,0.06877176003293477,0.9130593874789407
3756,0.6329978849330626,0.36081284373483175,0.003878137500298805,0.002311133831806806
3371,0.26578909564409736,0.2076698956665078,0.08007593307762384,0.44646507561177096
6785,0.18230710544035542,0.8131212471251434,0.0013556966299702058,0.003215950804530982
6248,0.4179802191292218,0.5714794443855357,0.00429265295934926,0.006247683525893336
6085,0.00015488875206756737,0.0007434654268873648,0.2438692251051394,0.7552324207159057
8298,0.11871803063246752,0.6165733048131335,0.08196125732984261,0.18274740722455637
7149,0.3388805824426185,0.6296984572468773,0.006238695369620184,0.025182264940884047
6756,0.14815828854630908,0.36310226064123013,0.06910225658179012,0.41963719423067075
2111,0.0002130875727552298,0.00013886505788318827,0.07576014150821862,0.9238879058611429
2840,0.014204406005664567,0.2854818811110941,0.06252840966572468,0.6377853032175167
4247,0.10358639996516542,0.6653929562383278,0.02689503909025412,0.20412560470625277
4908,0.47210524646293545,0.5133671616312662,0.003383578085560708,0.011144013820237761
3930,0.1551836064748963,0.5992084454924075,0.06990933578091879,0.1756986122517775
1002,0.0027672986299385935,0.014025434834007637,0.10105211515384736,0.8821551513822065
8964,0.7331865213777417,0.25997048319200433,0.00145406728317473,0.005388928147079273
5769,0.00028691438995971847,0.0022078924450761915,0.11561016628562813,0.8818950268793359
2193,0.14389715746138565,0.831851824891827,0.0020028045210020128,0.022248213125785215
2531,0.0044752681720553475,0.17280574905385115,0.11595970930503371,0.7067592734690598
1804,0.03932837138291962,0.9446096891504244,0.0022998183407568888,0.01376212112589909
3662,0.11874327537914066,0.6350043939736422,0.018382078557354367,0.22787025208986283
7168,0.12107916005269989,0.8301137813692627,0.023638876432273196,0.025168182145764325
3407,0.20212626060341493,0.7465627950773821,0.0057642087106854235,0.04554673560851769
2553,0.0007267017813589443,0.0012229433657760262,0.03801144974244638,0.9600389051104187
6118,0.6169648800777384,0.2794109623695593,0.03341421591582977,0.07020994163687236
4732,0.11956033861199622,0.026006281226339314,0.0262778871218517,0.8281554930398127
7425,0.0037063799370914492,0.004523925786912484,0.2695158230969936,0.7222538711790024
9061,0.3277433555458408,0.3881331179494378,0.09958805085512887,0.1845354756495926
6828,0.21503389134015397,0.7575799386071201,0.01601046494515583,0.01137570510757008
7796,0.0001627327019462607,0.002427939540011879,0.06898958465868836,0.9284197430993535
5183,0.2349183379110834,0.736128853585123,0.008869716666890267,0.0200830918369033
6257,0.00017897768722763063,0.0037216829563714265,0.034045524428460164,0.9620538149279408
1921,0.4660963762665098,0.497597636327055,0.001610392823110208,0.03469559458332479
7609,0.04969132989548224,0.2098381118278946,0.20772365923186092,0.5327468990447622
7725,0.4331136085720851,0.5568861870777103,0.0055026276464154806,0.004497576703789167
4982,0.00010739139752938115,0.00026930387356131094,0.1881206009247604,0.8115027038041489
1796,9.130146156212767e-05,0.0006778051563181835,0.01594587114938617,0.9832850222327335
641,0.0007348067185023464,0.00278026057721257,0.41192522040004437,0.5845597123042408
606,0.003909467205177158,0.00353726645992108,0.37685421381638523,0.6156990525185164
8991,0.25010932312597733,0.348482595602093,0.10308147381706884,0.2983266074548608
1869,0.04260211261938013,0.014880331600979292,0.5981564824890426,0.34436107329059795
8280,0.1688544039629612,0.7822121164709919,0.014664383850086433,0.03426909571596047
3915,0.008204193052191219,0.03706462024844661,0.2605757640007778,0.6941554226985843
6230,0.20950924605659124,0.7857321778625166,0.000853804213844803,0.0039047718670473007
2495,0.15923225890605702,0.296715293429964,0.18518974397275612,0.3588627036912228
3506,0.0019322551335170515,0.019456433673326626,0.22802194048831723,0.7505893707048391
4606,0.31402750813012764,0.6102187714009711,0.012841582804010697,0.06291213766489062
7366,0.5868481049330252,0.4056789014684072,0.0016867157689385449,0.0057862778296290385
1605,6.099494272417213e-05,0.00015468483599871653,0.02498434597138799,0.9747999742498892
7178,0.0014664473758485678,0.002527652704051364,0.04978842554048693,0.9462174743796131
7349,0.0031300274880618237,0.006824104723513833,0.1424119512688252,0.8476339165195991
7881,0.0020129033461878114,0.0017301259481206158,0.05950171973618327,0.9367552509695083
8001,0.3697447925226077,0.595320056247212,0.0072491352603365885,0.0276860159698437
8781,0.0156470255888783,0.004138709842231393,0.11170095412504434,0.868513310443846
42,0.3127648779915071,0.6430227350271044,0.03474282687666508,0.009469560104723386
5368,0.0692753198816119,0.06257979518184158,0.41354208041009116,0.45460280452645535
2159,0.08703273982259675,0.14064830795199393,0.21609889359755877,0.5562200586278505
8405,0.0009458448253568547,0.001447154782802067,0.3641881282453744,0.6334188721464666
7623,0.0012353160122118747,0.015008478078143334,0.34544516671061704,0.6383110391990278
2598,0.13438730613871,0.7860683079983712,0.022723478855814244,0.056820907007104605
6101,0.0013278963994330707,0.012913057184468685,0.321492233512446,0.6642668129036522
1150,0.3451795112591573,0.5761578925581787,0.033246700418276355,0.045415895764387634
882,0.04625606689400473,0.24905064302518978,0.20624457307566832,0.49844871700513715
3858,0.022854538754869782,0.005915258780737282,0.3096355279999337,0.6615946744644593
2132,0.5716361719950201,0.3257909463781403,0.04809167180240018,0.05448120982443937
7543,0.5596943274292627,0.4259031208990529,0.005992837560296537,0.008409714111387882
5134,0.49851342612852473,0.4755320920056636,0.01563902931440646,0.010315452551405067
5475,0.13056210684683664,0.014109370348524742,0.1444197866325558,0.7109087361720827
8500,0.0005476901572282654,0.0012797772909324701,0.7876035906952871,0.21056894185655226
6361,0.0005793157728201649,0.0012528493542677127,0.11323343794928868,0.8849343969236235
2283,0.0003413850780818676,0.0002743623994401873,0.0972243548522296,0.9021598976702483
7224,0.8039352769749678,0.1485240719100419,0.02455656934493208,0.02298408177005817
1473,0.6562317034659674,0.3260997101428696,0.014913610093905787,0.002754976297257221
7972,9.41159369331364e-05,4.5369332634398066e-05,0.04310209390504826,0.9567584208253842
5248,0.009806405193122114,0.029977636940167487,0.07865874332342461,0.8815572145432858
2225,0.23295498315636287,0.7140301063266249,0.04005337393241998,0.012961536584592405
3609,0.001888266383505382,0.002964883153927936,0.20193209315303862,0.7932147573095282
6120,0.5486686242993216,0.4390272470537263,0.004430732902472742,0.00787339574447927
8366,0.013542900255472109,0.04135489099006848,0.2780975929951798,0.6670046157592797
571,0.9281428370203041,0.0680497808763144,0.0013338238144916404,0.0024735582888899786
7010,0.5930440829519037,0.2071660189502309,0.16578411185595143,0.034005786241913846
5265,0.005742675516057214,0.014416046943193971,0.3710486074830189,0.60879267005773
4931,0.0007112274849726487,0.0010434928895589083,0.2775496558568298,0.7206956237686386
1498,0.0002993208146464327,0.0008160510004277536,0.4381649663975053,0.5607196617874205
8460,0.46388175163996304,0.5241628906306653,0.007825397346947429,0.004129960382424256
4869,0.4113098021111126,0.5654935197678262,0.0022220520270686346,0.020974626093992307
840,0.14029266757318,0.8447585202729353,0.004411017909141019,0.010537794244743616
7317,0.28625287346966344,0.7012314105120336,0.003990282987529132,0.008525433030773756
3754,0.1997426879452993,0.7858497218181233,0.006918839652297981,0.007488750584279356
6984,0.5571597513804427,0.42588105419316763,0.008229856320904113,0.008729338105485686
8531,0.5252541098755779,0.47100069545359213,0.0005079742364258357,0.003237220434404057
2387,0.02078931317651733,0.06169040407048241,0.7834814142607095,0.13403886849229066
5955,0.09668870709384221,0.10621826894444847,0.1259981236609363,0.6710949003007729
8461,0.8113552425171708,0.17791181986758572,0.008629846783869612,0.002103090831373938
4073,0.1865864366691432,0.7989031805598568,0.0027049486710496607,0.011805434099950326
1074,0.6637224449675724,0.315335940606572,0.0064230449293364465,0.01451856949651911
5102,0.13012428097670975,0.6770548443796995,0.06496025981255936,0.1278606148310314
5163,0.7616513184860988,0.19013612133455282,0.023503928757525425,0.02470863142182304
4681,0.001092577696576211,0.004722663745625217,0.12156057936270535,0.8726241791950933
3876,0.11336167044986159,0.8807419724340247,0.0024501314269478303,0.003446225689165876
2101,0.7566980588689738,0.2386261579346598,0.0034253755496603576,0.0012504076467060885
6388,0.0019153400225962267,0.006118344523433873,0.018658712505746945,0.973307602948223
8683,0.15382532398160947,0.6877012434763742,0.06741416323472313,0.09105926930729322
8813,0.5198398092121786,0.4470690484987788,0.022366572911942467,0.010724569377100071
7447,0.016684932729330033,0.02867861109836655,0.41197776908414996,0.5426586870881533
8047,0.5128622461710726,0.46943688285157853,0.006945012912148521,0.010755858065200496
4430,0.22087693266128763,0.7550866470338788,0.0018940416839946812,0.02214237862083889
4007,0.08080222315462256,0.29496878757725753,0.09626738403625046,0.5279616052318695
9041,0.2991875742703002,0.6986030278403619,0.0006608291682363918,0.0015485687211015918
5599,0.2191062820923185,0.7783732024636918,0.0006675299786508232,0.001852985465338803
4631,0.714463808600755,0.2801745845992474,0.0018869746275092091,0.0034746321724884416
1610,0.021437659728350173,0.11021381566546777,0.2742325501509275,0.5941159744552545
4409,0.045676902840483646,0.02957015970776942,0.5675452889904019,0.3572076484613451
7940,0.4151647181638057,0.5742669920646373,0.001266938638453031,0.009301351133103842
7360,0.775632114294867,0.1961654331453601,0.010026022671379217,0.018176429888393582
7048,0.7961861756597127,0.1389244544341598,0.004393605813033284,0.06049576409309437
324,0.058654436122927464,0.03918917892252435,0.04410632359258026,0.8580500613619678
6470,0.20539915297294,0.4580622585111806,0.21728529722891443,0.11925329128696491
2017,0.7392902028137536,0.23111203130780025,0.021231810907427175,0.008365954971019017
8816,0.7132553915686292,0.2708918985050741,0.004803257942991183,0.0110494519833055
1337,0.0007924973219393602,0.00480572889299991,0.19253588038374625,0.8018658934013145
5081,0.7500976931717946,0.24567255143208178,0.0039030547461349463,0.00032670064998854777
5697,0.522754060749691,0.3893477542134049,0.07904136409578834,0.008856820941115878
6972,0.9247656742839176,0.07213874093368852,0.0025989074311527785,0.0004966773512409598
1263,0.5403227387169683,0.3537456523927316,0.05698077737100498,0.0489508315192952
8186,0.8952682317784725,0.09835834024395772,0.003912236420099029,0.002461191557470787
9316,0.9278638174436088,0.07108966307696903,0.0008919035988687879,0.00015461588055326378
1385,0.891597017457693,0.09718931332345468,0.008969706724101132,0.0022439624947510574
8417,0.7782295113638826,0.2183883848064893,0.0023851717462349408,0.0009969320833929684
2339,0.8267107929469986,0.13378176573185263,0.0293935719879454,0.010113869333203422
7669,0.5463965967680634,0.21064061077494703,0.16680943851005764,0.07615335394693198
8811,0.8010477376787,0.1831317918059808,0.013414550339358062,0.002405920175961161
7146,0.7896197140871651,0.20567397620118508,0.004321522872308184,0.00038478683934137594
8799,0.8958746010117379,0.10222218960149167,0.0005705011432170648,0.0013327082435532981
2544,0.6062904243807865,0.1254080213035731,0.23780663165976634,0.0304949226558741
1847,0.8606908801718556,0.12981048689582966,0.006210083676008545,0.0032885492563062653
2145,0.8971989086631466,0.0829549795840521,0.004804809896570232,0.015041301856231119
2146,0.5467882711215639,0.44628524291943505,0.004956027079014917,0.001970458879986176
747,0.9353187340724436,0.059428372497275415,0.0030711358252920357,0.0021817576049889746
5193,0.5190426719605752,0.47099655807704005,0.0050195541844660916,0.0049412157779187135
2818,0.039251539316327376,0.09375147100824636,0.057028130977619815,0.8099688586978064
4984,0.06808159781623478,0.1451676383272029,0.3880313463329252,0.39871941752363704
4202,0.2581285164700818,0.3077245975405831,0.26278635196571776,0.17136053402361728
2982,0.007083065952988926,0.03490902542852245,0.08037343932488394,0.8776344692936046
498,0.00015038437310475335,0.0009211309293747877,0.04371574551046002,0.9552127391870604
6831,0.43574236577577335,0.43709427985332727,0.025577845350786874,0.10158550902011236
4110,0.5623372244374081,0.2724016853402924,0.1384335881531808,0.026827502069118582
4788,0.39389718825725895,0.592827698684916,0.001932329867269385,0.011342783190555648
5523,0.07891056970902464,0.8419053181296489,0.014359179454477415,0.06482493270684901
4744,0.2600459905745608,0.6958115637096032,0.03674404951916809,0.0073983961966680315
2556,0.005793927372457129,0.009290036581403965,0.2519693959108507,0.7329466401352882
5216,0.003926727637390439,0.002265119063135118,0.37933633540188433,0.6144718178975902
4050,0.8404330780002411,0.13746735927207657,0.003311471178174012,0.018788091549508227
459,0.1162446741286514,0.8723399243118461,0.003344372764295857,0.008071028795206589
7688,0.001664096237848011,0.035647418340356826,0.11425110530516924,0.848437380116626
4917,0.0002806454996572728,0.0010415646312082348,0.07791697914566462,0.9207608107234699
2896,0.1927228564686278,0.510513315742817,0.07055480252421474,0.22620902526434042
6280,0.0013371565786442496,0.004149251670100471,0.05869387937573477,0.9358197123755206
2363,0.0005195349098401897,0.004373147779768269,0.31423673447121064,0.6808705828391809
4250,0.07746275678831874,0.4656672745455054,0.09852380716818487,0.35834616149799103
6679,0.21527547359704294,0.7532404050313454,0.01353027676482682,0.017953844606784845
5232,0.000192962406428491,0.0009035944072288076,0.0963972067047751,0.9025062364815676
5584,0.15897076694017115,0.11666369133401953,0.020498620115725747,0.7038669216100836
5612,0.0014383873098705805,0.0023353693184239555,0.008808298360144885,0.9874179450115605
6222,0.0012215774887275308,0.0037487865613403904,0.07795800278278159,0.9170716331671506
1507,0.5049546839658968,0.24416933086067294,0.07067974380673854,0.18019624136669166
4774,0.17122634486586819,0.28061749383759566,0.174063122819009,0.3740930384775272
1220,0.2790852327127496,0.07454964901931307,0.2824269810703932,0.3639381371975441
6065,0.07573785874021302,0.4077129427974732,0.10829767622546563,0.4082515222368482
1713,0.04692248420187924,0.5757603736336869,0.17001932920855758,0.20729781295587624
9433,0.2171565898673872,0.673906587332681,0.06841383453928636,0.0405229882606453
5822,0.0017410784605821463,0.00558080679438808,0.16476513457682035,0.8279129801682095
9051,0.0011393574102109933,0.0011637187949814617,0.5290927727086897,0.46860415108611786
8967,0.23978139345685423,0.3854822216633715,0.2877402459361145,0.08699613894365972
5708,0.013015996646314632,0.02358225454922022,0.29199256635704424,0.671409182447421
4311,0.33697977404337714,0.4989345425399627,0.04353719832704197,0.12054848508961817
683,0.000630715713269593,0.003398969349088018,0.30361165957000397,0.6923586553676383
7988,0.001366560371362427,0.0007208838640002284,0.10897969710073427,0.888932858663903
6898,0.3352923847161514,0.5334771361988743,0.024380044764380864,0.1068504343205935
222,0.009849559464362908,0.006423184143430822,0.1651699796876604,0.8185572767045458
7597,0.00017691694904994174,0.0001307735568692342,0.11813991562839664,0.8815523938656842
6738,4.5784887421880264e-05,0.0003611227866967256,0.194662707502102,0.8049303848237794
6305,0.1808939810866812,0.36153258293881857,0.21139471061769394,0.2461787253568062
8124,0.01821031632286247,0.1534665898685617,0.11220981205684524,0.7161132817517306
4089,0.002840078927854445,0.02145263498272874,0.03703529957173566,0.9386719865176811
4967,0.0041638307774447296,0.012320376848418139,0.24165025515074823,0.741865537223389
2537,0.0004483365063719537,0.0016005334219502873,0.013386433952699528,0.9845646961189783
5551,0.00034347539406251356,0.000279406594572483,0.05303903532217538,0.9463380826891897
3941,0.42392872207500365,0.42840184394528863,0.02804067514086143,0.11962875883884636
8071,0.011478376093859063,0.02259988843716447,0.21595822608932744,0.7499635093796491
4818,0.6750483190771954,0.31255163179175327,0.003748307454675449,0.008651741676375632
8116,0.6337551224315668,0.16939720686598791,0.09086334351740981,0.10598432718503545
9364,0.44565140584674245,0.49901201994399563,0.020988823874230997,0.03434775033503088
9346,0.3882767964588862,0.5899917458638159,0.006570935595255028,0.015160522082042938
135,0.0013776548748938725,0.005402156043998534,0.034409310635601195,0.9588108784455064
208,0.21017854129705982,0.7228029837328551,0.03326789540989943,0.03375057956018567
8502,0.0008162917738210902,0.0012604052938109905,0.23614921919577847,0.7617740837365894
8890,0.0014846448729269209,0.0011137350095085335,0.25501675886662334,0.7423848612509413
8973,0.13596165581847097,0.852086019309582,0.0020414818155896123,0.009910843056357303
2160,0.00033632939728483145,0.0012604241856043125,0.18855118458163372,0.8098520618354771
8106,0.11571182937177153,0.8471001192978196,0.01823254357198255,0.018955507758426495
1152,0.0029126812984212836,0.007744116502589207,0.033397868803256715,0.9559453333957328
7309,0.276719246290753,0.5715574131995358,0.03684132592643283,0.11488201458327837
4783,0.20492022373174737,0.7444488066561022,0.0041319264660181765,0.046499043146132284
8842,0.4467457488180972,0.37262424615157114,0.029458046952182657,0.15117195807814895
1194,0.0004241428759471973,0.0015788587662091311,0.24903848117803737,0.7489585171798063
2613,0.3104370766325564,0.4915478848862333,0.015096782131749125,0.1829182563494612
3994,0.00024354164200925948,0.00042832883789654263,0.08722855220128287,0.9120995773188114
1597,0.1776478261676193,0.8030403789540244,0.015024404227359648,0.004287390650996738
499,0.013668593867530048,0.013285836034361976,0.33316343147676963,0.6398821386213385
336,0.0010643048404335752,0.002745795621799623,0.027336513980682736,0.9688533855570841
1758,0.7331715399570384,0.21391767357899266,0.014639278811851876,0.03827150765211699
7379,0.4535104744114535,0.47131189010087815,0.038637692526690755,0.036539942960977796
9389,0.0041872549321448575,0.029535436517394823,0.16893409288761546,0.7973432156628449
6358,0.00013581570997345024,7.94582100568757e-05,0.10556286629777889,0.8942218597821907
6610,0.01107162498940712,0.10968104127314153,0.15943884480803833,0.719808488929413
967,0.0009832987049605295,0.0019412212165027286,0.045268347240560995,0.9518071328379757
3612,0.0003201380943756704,0.0006117961315174557,0.196360348431351,0.8027077173427559
1060,0.0011189575162964573,0.0006512721610071,0.31352028653278713,0.6847094837899094
1816,0.08504317496871726,0.3419608207394901,0.10685091003826754,0.4661450942535252
2979,0.001143361391344374,0.005318498854289102,0.39754796368510836,0.5959901760692582
918,0.017628570257509753,0.01891212924316526,0.3942167855506812,0.5692425149486439
6474,0.002605498805307937,0.008077562729783975,0.46252320141907777,0.5267937370458304
3309,0.3458186476130813,0.2553380226679899,0.04645874413880632,0.3523845855801225
4552,0.01418015837419425,0.2107990760488163,0.19391645820228734,0.5811043073747022
3429,0.4533819587347657,0.5290333061598862,0.0039505303771052306,0.013634204728242831
3850,0.0001769481551886496,0.00022765439501234254,0.18676493583669265,0.8128304616131065
6133,0.3670544592072249,0.541718476501907,0.03652439625439865,0.05470266803646949
5141,0.6759538195943027,0.19512268278399916,0.06236165059027951,0.06656184703141861
9348,0.6754560193342334,0.31201757690932164,0.006526965388954797,0.005999438367490229
9288,0.09817276282582006,0.6830737417174321,0.07438348238416632,0.14437001307258154
1702,0.5896653012756924,0.25483872591086076,0.041398393071651884,0.11409757974179496
9122,0.27321351512706693,0.6564702762863323,0.023908129229814463,0.046408079356786196
7001,0.06789391242700052,0.15011190263666704,0.43910655601892323,0.34288762891740904
3972,0.6689556569472663,0.3208645919676899,0.004074433935413964,0.006105317149629858
2679,0.020328523778134027,0.04790517383991545,0.07817916488808037,0.8535871374938702
3392,0.2117403879882166,0.6932706843998668,0.024417943988732663,0.07057098362318394
3991,0.2308516252069676,0.5057067509048258,0.16686341580836472,0.09657820807984194
811,0.5288693094668312,0.2569234796835702,0.07346339102321635,0.1407438198263822
1962,0.016127679073578646,0.0547091391126555,0.26724963195803303,0.6619135498557328
1244,0.4080272245672223,0.262751613897793,0.12871782770726375,0.20050333382772095
5545,0.01160784866031957,0.01119143122232644,0.12081082834722666,0.8563898917701274
5608,0.0002103328363027685,0.00025763972197260604,0.09049191869542665,0.909040108746298
5824,0.00019188757035380996,0.00012099682839241652,0.2040801587030416,0.7956069568982121
688,0.0008907753116994787,0.00031099643850416,0.18277198459569807,0.8160262436540983
6150,0.4558912721527831,0.48621761653834455,0.016529218704629974,0.041361892604242466
1218,0.4035396473949781,0.233889434492596,0.12665243353639277,0.2359184845760331
385,0.5726071869921241,0.1966703613720074,0.08900677511767736,0.14171567651819122
3225,0.7442441933076409,0.1988634266447832,0.035108412257941056,0.021783967789634772
7508,0.3940228921285223,0.5447059612550424,0.03387690596289583,0.027394240653539494
6007,0.3316344177602315,0.6480911794882903,0.010128546418303986,0.010145856333174184
6185,0.007187396865303877,0.006022398857442312,0.31618538873593266,0.6706048155413211
6123,0.344911448983878,0.6426606108422926,0.00787789058790302,0.004550049585926506
2486,0.5814188355429928,0.37518799569739714,0.02019810519067222,0.023195063568937906
9297,0.00045888384351862094,0.0004728581145457982,0.218760615932107,0.7803076421098286
5079,0.002654849968579787,0.004172159918436426,0.3204571085935773,0.6727158815194065
446,0.0011215122721209936,0.0020551759495184376,0.30512205034331474,0.6917012614350458
485,0.0013583307500651082,0.003170478082935976,0.22983487126858068,0.7656363198984182
4813,0.024513264107825002,0.3071003319250314,0.031917994511214264,0.6364684094559294
5690,7.36706219708717e-05,0.00020018030997048927,0.04801417905072106,0.9517119700173375
5348,0.14778559578828904,0.7947358791350168,0.024493759383468428,0.032984765693225684
7701,0.11887284682653916,0.8504737464550781,0.010516851515246893,0.020136555203135807
1806,0.23733751038616874,0.7501462722897613,0.0044542023720277,0.00806201495204236
8082,0.01077514719848237,0.027169150568313597,0.5258742043424363,0.4361814978907679
2718,0.20758242070446226,0.7000317451986949,0.020451285737744622,0.07193454835909811
9432,0.007205969789342322,0.028976259777349037,0.37162838641125107,0.5921893840220576
2305,0.29299520264602424,0.6769334488498372,0.005429432482096906,0.024641916022041566
2223,0.12498593255110646,0.8125930325100504,0.018820395868692618,0.043600639070150556
1431,0.13257544333497323,0.847635912678682,0.003748837702973445,0.016039806283371275
2306,0.24248923415286666,0.5270326390410977,0.133589019556116,0.09688910724991966
8983,0.003139599848621719,0.0013844470300849413,0.3087412303769259,0.6867347227443674
1851,0.00010102931124947472,0.0005646446470940828,0.019260057517211143,0.9800742685244452
3497,0.06587257497026425,0.0367854082999098,0.19351743827925327,0.7038245784505728
7754,0.5022907817142637,0.45110922672597825,0.00660488422209856,0.03999510733765949
5821,0.7112421778339061,0.2395045282926453,0.028356616081478995,0.020896677791969572
1763,0.007628086293362994,0.003752566750885393,0.2403305490900689,0.7482887978656828
2767,0.04631209077949826,0.06207125700574875,0.13953105091043247,0.7520856013043206
3206,0.6990621971166631,0.20844729618619812,0.011129732870820846,0.08136077382631791
9194,0.00042686823839575117,0.0017374509396553283,0.2570935337964929,0.7407421470254562
7202,0.5604735740852413,0.42909431803874915,0.006188249071739595,0.004243858804269851
2854,0.00033603026392437885,0.0031139936124161996,0.12017210176311503,0.8763778743605443
1838,0.40113163482447994,0.5028578223403599,0.033002602706557964,0.0630079401286022
2029,0.1569028008957485,0.7934270838805347,0.006469079927949952,0.043201035295766806
2259,0.24283902843854932,0.689997293846362,0.015714340229727935,0.05144933748536069
2549,0.19383430126495368,0.39183161806249495,0.20805404615696288,0.20628003451558852
7402,0.003118303319476165,0.01899858165148034,0.05424362528847108,0.9236394897405724
9145,0.19922276265885352,0.7713610333768793,0.003164806039964334,0.02625139792430268
3968,0.000210891414658642,0.00034464372249221303,0.040167836378194606,0.9592766284846544
1111,0.23393565150321333,0.7088922824051475,0.0026688720005782424,0.05450319409106088
4204,0.2821592651792202,0.7007728822788348,0.00850054443750286,0.008567308104442117
6619,0.24578164661688612,0.7372782494546891,0.007678050513221033,0.009262053415203718
697,0.44302943643757103,0.5065926487778469,0.02838337321171455,0.02199454157286755
5835,0.4737093144185855,0.4468985459806785,0.055985515841809184,0.02340662375892675
6390,0.6835866787350945,0.2985809408798783,0.006172573596840936,0.011659806788186252
3181,0.019164016116120987,0.10167616804209505,0.1844391641626903,0.6947206516790936
7448,0.00011721713792442687,0.0006946412711448416,0.08758797057588864,0.9116001710150421
4473,0.3678339158685984,0.5766871863539788,0.01812247623963928,0.03735642153778345
6734,0.0009267138494962948,0.0013484164320293807,0.49356706429632846,0.5041578054221458
2298,0.004932636846233546,0.010635618257971498,0.24079494599075799,0.743636798905037
1447,0.2656044476955762,0.6661194529629361,0.012204782871701297,0.05607131646978662
8227,0.009956428993337119,0.027216686426663847,0.253280347824595,0.7095465367554039
3219,0.20377220012572467,0.5886964020285166,0.05864897973559362,0.14888241811016506
7269,0.5626530718640527,0.34676755076887794,0.037819281154473694,0.052760096212595635
8645,0.0011850154864150684,0.013087019084283804,0.12508148091951846,0.8606464845097826
1980,0.08622512334451247,0.8717400875884681,0.025045180731156906,0.016989608335862546
9058,0.18077717332445084,0.7713068141851391,0.016791639998754708,0.031124372491655276
2362,0.0008470205075414095,0.003691341393226516,0.16721964034924913,0.828241997749983
5094,0.341347283021832,0.6351776888223457,0.013084027502247806,0.010391000653574498
5873,0.18298987143076784,0.7199251378471873,0.03749437201867735,0.059590618703367536
5969,0.00017362587945224357,0.00047566484521386265,0.5212985652366278,0.4780521440387061
5974,0.0035693654239010147,0.0054113476752775955,0.18307642086399215,0.8079428660368292
8554,0.67713836729466,0.3172024823645081,0.003231543889868671,0.0024276064509631792
7097,0.00010266474409207412,0.00046178318360201717,0.03194837082296563,0.9674871812493403
7099,0.052221561735083855,0.8609949679500881,0.03017963135433337,0.056603838960494736
6874,0.25177442227543206,0.5563240102766039,0.031318986047515776,0.1605825814004482
8062,0.46863931014291976,0.48196932755198113,0.009078949210884275,0.040312413094214794
4227,0.11790324943691298,0.8722158555657018,0.001300278073671453,0.008580616923713652
7154,0.5513565400120747,0.4229575300563868,0.004431555142452006,0.021254374789086407
4893,0.002570338349416111,0.0013007228375216367,0.007766315741661273,0.988362623071401
6174,0.0003105208746071005,0.0007430382129327701,0.08400647939308677,0.9149399615193734
6639,0.3981006929870107,0.5373859031772757,0.010212230399477195,0.05430117343623651
2711,0.23602620568604707,0.7250222296125326,0.01608609552713216,0.022865469174288076
3079,0.2357463837036572,0.6931298770683096,0.02852299516351413,0.04260074406451902
1436,0.06482421837504061,0.05247326931091163,0.07728380219031823,0.8054187101237296
3496,0.0004890492822659385,0.0014926902194422433,0.29107616202846187,0.7069420984698299
3425,0.23876625326783246,0.748707491085644,0.00993815533147815,0.0025881003150454245
6645,0.640671760268107,0.35155206901420133,0.0027673176272084636,0.005008853090483203
7758,0.5616827415597775,0.42683526948665634,0.005218966546372212,0.0062630224071940094
4506,0.0006020527749474175,0.002364985512268733,0.11312465938148238,0.8839083023313014
5762,0.3390321193937565,0.34183947917226204,0.023972331654087107,0.2951560697798944
6398,0.07308822669645533,0.04633287238454384,0.035520943417157114,0.8450579575018438
8923,0.0908669565663591,0.8163826097108798,0.011684355966829126,0.08106607775593203
3621,0.08978795141626686,0.6098509265780873,0.09109913088194523,0.20926199112370067
8287,0.005502139028941867,0.02750910730818434,0.07703329910291101,0.8899554545599627
8284,0.37653344282504214,0.6064988065286022,0.0034405598329593,0.013527190813396454
8283,0.6795791381408431,0.24884210986357003,0.01881297928231135,0.052765772713275594
7564,0.02000776940100133,0.04992928427227807,0.15086814127908918,0.7791948050476314
4102,0.09558455426430144,0.9014009718824687,0.0015116999393069597,0.0015027739139230234
5492,0.4494063198274822,0.5365987595376139,0.003004364775569174,0.010990555859334653
5178,0.0006965248911502495,0.00026572201392114676,0.1497807368427876,0.849257016252141
6951,0.43003091464963655,0.5591890147623619,0.0042453292950943395,0.006534741292907184
4538,0.261726502111763,0.45586000530286125,0.22120640358796662,0.06120708899740901
4304,0.315525186472102,0.647553476240075,0.011039377085120188,0.02588196020270285
2829,0.0927193499070456,0.8824989620567973,0.004284068014777027,0.02049762002137988
2282,0.5026429324343871,0.4708047921438049,0.0176641850390713,0.008888090382736845
1910,8.79478735865068e-05,0.0008504156965947491,0.0630281384631014,0.9360334979667174
453,0.007208062260498494,0.05651322841822422,0.05894531148588391,0.8773333978353933
5452,0.10435783692747212,0.75738186058349,0.016049661664345755,0.1222106408246921
5670,0.006424469613546091,0.056083942347252155,0.07361587199196533,0.8638757160472363
2729,0.025718010701563713,0.14577183610147526,0.28914036575562807,0.5393697874413329
6204,0.017268872819074996,0.01675679183459473,0.19389889419617518,0.7720754411501551
9144,0.02532428021724443,0.007502686096830173,0.08259905900355044,0.8845739746823749
9143,0.021336910058014694,0.010863941393035523,0.4489311790190642,0.5188679695298856
9148,0.5188756760128055,0.29459994995163197,0.03804965969842809,0.14847471433713444
9191,0.02235365121501371,0.054769478273667106,0.07300694221311273,0.8498699282982065
6691,0.6354595887870881,0.26900753059751115,0.0190719127756531,0.07646096783974766
6690,0.38770611346819395,0.2625929883812163,0.08692808617434507,0.26277281197624464
5403,0.1192054265341869,0.38447961041622325,0.22902324919655787,0.26729171385303196
5407,0.42140839440135275,0.5102376220459007,0.021420372546262095,0.046933611006484355
3523,0.7083322387415472,0.14991877840937248,0.0163581162639922,0.12539086658508813
4497,0.1388513029984112,0.07628794760279246,0.15388423261446163,0.6309765167843348
8929,0.024880268427547834,0.010300036735191654,0.03071205462732462,0.9341076402099359
1643,0.39104569669899053,0.40287435376535985,0.04941060693362668,0.15666934260202292
8810,0.0016233819241868014,0.01588602588291655,0.17666088800060709,0.8058297041922895
4920,0.00013903946550358905,0.0010323571857373676,0.05982049680431953,0.9390081065444394
4083,0.0015759066726581195,0.019785057585668963,0.1049118735341112,0.8737271622075617
8009,0.3380211778640433,0.6260545712200201,0.01319756727177173,0.022726683644164955
8096,0.34529546167393294,0.62160166411756,0.013049461284171797,0.020053412924335354
5292,0.25075770549731746,0.3739384376439577,0.12489765207574932,0.2504062047829755
6622,0.0003240177568399767,0.00181756971978823,0.06106223209797787,0.9367961804253939
3009,0.22234968134668975,0.734729409753965,0.018447747402529135,0.024473161496816127
8618,0.1063555904717298,0.23778843484651618,0.27507073956872424,0.3807852351130297
8619,0.02226552211090564,0.018627517847315176,0.40006801544583337,0.5590389445959457
6524,0.002065711227295683,0.005828772062675429,0.46623073364621764,0.5258747830638113
6792,0.0171968202379973,0.07845716599788033,0.21592595537032955,0.6884200583937928
6092,0.0025057539624424247,0.011325166592825365,0.06215952672272265,0.9240095527220097
6044,0.01234031627195995,0.00753798581158384,0.21048716719070215,0.769634530725754
5629,0.001807409818513676,0.0037415580293166067,0.06545424319233202,0.9289967889598377
5517,0.2617092224282734,0.45144772665018396,0.07690644568657412,0.20993660523496846
7405,0.28913173823357563,0.6992855729522859,0.005864867293165861,0.005717821520972614
7410,0.30947476140018426,0.6244569592005772,0.02957001594447621,0.036498263454762245
7412,0.6375354762595813,0.3187429478998263,0.013475123260592586,0.030246452579999854
7424,0.4915660683697822,0.4444815532038674,0.020352649642211056,0.04359972878413926
7046,0.0003119658301248343,0.003129015407018399,0.05725591475033296,0.9393031040125238
7026,6.671732084304323e-05,0.000383332952432877,0.03534658694354367,0.9642033627831803
7045,0.03369630414173136,0.07175541462243742,0.3215124196051891,0.5730358616306421
3339,0.23628131569147492,0.7591890535241366,0.0016930682082455487,0.0028365625761427988
2822,0.28248160539205863,0.6920820339164452,0.0029715989066732822,0.02246476178482294
2181,0.002079861330208543,0.006869330045417859,0.06088918877729927,0.9301616198470744
2846,0.005790429274808106,0.005115716684625656,0.07963565664847008,0.9094581973920961
4349,0.1492219608481779,0.4750377209658141,0.02309739315495709,0.352642925031051
5160,0.6534156234692281,0.3240364367106821,0.009416259663983805,0.013131680156106126
8672,0.14766052960103795,0.7291462129558717,0.024167435896059394,0.09902582154703092
2216,0.13198058251586614,0.8463421939063847,0.003989714843896264,0.017687508733852934
3742,0.0005962094234262018,0.0006705503575381715,0.2731836855542388,0.7255495546647969
6921,0.06148542653122822,0.8946656024157698,0.002879597142190593,0.040969373910811305
3187,0.000369996287668303,0.002319124393880195,0.23658114075588502,0.7607297385625664
8107,0.24353298456245065,0.7378025043622743,0.004665272714809653,0.013999238360465141
2032,0.4240942920569633,0.501039813941714,0.022999471611211443,0.051866422390111126
1743,0.20281861169986024,0.6379066334376767,0.016931832533721564,0.1423429223287414
1686,0.2575080329778663,0.6668437370955111,0.010234773859604798,0.06541345606701772
4224,0.0013307239919594569,0.002131260061595794,0.03196184588713162,0.9645761700593131
4225,0.0007303598341257436,0.004322796294158508,0.535701080320371,0.4592457635513446
7661,0.18671460712342305,0.7871084975830954,0.0029264794669017413,0.023250415826579784
5105,0.0004980922683890393,0.002826777546451089,0.035825659829931134,0.9608494703552287
4817,0.549528441953644,0.3801331955909882,0.023844693603192572,0.04649366885217528
5984,0.39917188488459737,0.5525367257678803,0.006068685771824211,0.04222270357569817
8603,0.21801654701399142,0.748686113775749,0.010126737394968383,0.02317060181529114
6188,0.4783675691880784,0.5133442097175407,0.003705513447718155,0.004582707646662863
5816,0.012572527895465656,0.025630182290023562,0.08855251003655466,0.8732447797779561
5795,0.008115992410790208,0.008220049777383952,0.3306884356428196,0.6529755221690063
3235,0.2810453511631013,0.6341754655521736,0.027337845589448788,0.05744133769527631
6659,0.12824823598169174,0.8490739064527487,0.006377107609603343,0.016300749955956297
6074,0.5909799310570037,0.3737247571408493,0.024970982593011948,0.010324329209135048
8450,0.410756028940112,0.5513880773692155,0.025017415081778932,0.01283847860889349
4261,0.373718626808302,0.5925329043411446,0.013164301435754176,0.020584167414799397
4327,0.1891226478488943,0.7116170319443783,0.06492004847719104,0.034340271729536374
4714,0.723321592821319,0.2680978475347925,0.004701192641863409,0.0038793670020251195
4715,0.36627699632026806,0.5833940385326927,0.031434790438070064,0.018894174708969213
5707,0.012989742907830119,0.012540612626018873,0.46585278848814854,0.5086168559780023
5201,0.013069175373216974,0.012267735879321885,0.5927062185193308,0.38195687022813035
1625,0.6159361603892476,0.2758161087537547,0.05499333593528568,0.05325439492171217
506,0.0001726864606065122,6.420738950039917e-05,0.12807033642657165,0.8716927697233213
2883,0.011481445354890048,0.010690978259906395,0.5527749623449671,0.4250526140402363
3404,0.0019718683312402647,0.006254371239634536,0.05649009692356114,0.935283663505564
8766,0.18586125664819841,0.6234875673658196,0.06779833210974331,0.1228528438762387
8785,0.06905459618102071,0.22028356483904887,0.3284710572847529,0.3821907816951776
8765,0.3583623568333918,0.5906519468056814,0.011074697462749248,0.03991099889817753
467,0.0010141308697238936,0.0037126355994685197,0.18537398152586415,0.8098992520049434
5558,0.0003842750898022806,0.003773165922825316,0.09865939587555189,0.8971831631118206
3978,0.7253732329598109,0.20174344332915384,0.0603838664395395,0.012499457271495708
2231,0.01154992054231252,0.013715828463635954,0.3838977856685707,0.5908364653254808
4759,0.015988890781222745,0.01085927037172183,0.3954406428457077,0.5777111960013478
4697,0.6970077320182599,0.24451839914082632,0.027505681172959966,0.03096818766795384
6444,0.7149729475097653,0.25979055816095614,0.020157419519007194,0.005079074810271417
6168,0.28696340617544897,0.7059937488645008,0.000619982440443852,0.006422862519606235
1933,0.6662018142094378,0.3284999049127201,0.0030413869231811106,0.0022568939546610952
3014,0.24825417396022742,0.7170331380120529,0.02184734064625528,0.01286534738146436
6387,0.7812975558545416,0.2169423682466589,0.0009471174650403773,0.0008129584337590347
2214,0.07045736050857945,0.34501603478729514,0.061256700494201455,0.5232699042099239
2052,0.0004983884153912096,0.001899332515075488,0.3128617149000925,0.6847405641694407
8593,0.001446100083281867,0.02126229376612314,0.01571008335512315,0.9615815227954719
5012,0.7460205822452163,0.19417239222897079,0.020092688715897523,0.039714336809915374
1302,0.7801973441285778,0.16362323408011328,0.028227861210696915,0.027951560580612194
7419,0.427031349942003,0.2800172181655576,0.07298934394188969,0.2199620879505498
5976,0.7009569564607455,0.24102745545986792,0.013834790441050895,0.04418079763833558
3527,0.5691336762926112,0.38589408606604936,0.0236041741291592,0.02136806351218012
1970,0.5993395446763136,0.39411264500404675,0.0036879676565617996,0.0028598426630779216
4296,0.002817248615566751,0.003438835128493506,0.45779085145801957,0.5359530647979202
2346,0.03005638398908919,0.25347847554246167,0.39743665130139716,0.31902848916705195
7741,0.04208850107350419,0.28462581140237037,0.08696280221513786,0.5863228853089876
9435,0.47950413003981524,0.4697049419806343,0.030082370562388026,0.020708557417162366
4263,0.006029166631933325,0.003694664103364834,0.8159521325716278,0.1743240366930741
5588,0.10832407380455905,0.7446121918113039,0.03355562236576578,0.11350811201837137
9050,0.4655647560685184,0.5196899172099847,0.004177031696841953,0.010568295024654941
942,0.5925996808805936,0.2519275026686307,0.016646221614274922,0.13882659483650092
1248,0.6499137653256009,0.31975540099667793,0.017396798297704644,0.012934035380016598
9278,0.6389303696420926,0.34332970961804815,0.009670125264864285,0.008069795474995043
4478,0.08207992763326113,0.8368547314446037,0.03907940315386965,0.04198593776826554
7974,0.0027056516131586813,0.0151734006886113,0.03764386279489447,0.9444770849033356
5101,0.6415162849299344,0.33298354788054396,0.012018508477279286,0.01348165871224219
5537,0.31413315066799435,0.6541021169209037,0.018217268932866276,0.01354746347823554
1070,0.00030145982195189296,0.0009644175480518066,0.03507128401327601,0.9636628386167202
6182,0.5272702868052205,0.3442805297561314,0.02584380861962409,0.10260537481902407
4582,0.1781535441124074,0.454361180273153,0.09934122768951197,0.26814404792492763
5961,0.48366989199450106,0.5124947209124877,0.0016673589816305551,0.002168028111380645
8207,0.3640153963593228,0.5378685049695346,0.01830982961752315,0.0798062690536193
3212,0.44159483249282405,0.4956144055630323,0.031740816298762,0.031049945645381643
7205,0.19129042950054032,0.757403821691728,0.03303055112015565,0.018275197687576145
8428,0.0013044508083778269,0.0048204708333089265,0.12326467912876038,0.8706103992295529
7027,0.3777904612226608,0.5640370248505344,0.03169676453425501,0.026475749392549857
2855,0.18238311042654576,0.8145470072837947,0.0007431133319508145,0.0023267689577085395
3817,0.00032807545037734175,0.002094245700293957,0.16281505187389753,0.8347626269754311
8154,0.18653864180114554,0.7899116654142979,0.007066673444564727,0.016483019339991935
4146,0.4881857027171949,0.5008309568337129,0.0022183986452514706,0.008764941803840626
4012,0.0027445267813856642,0.004472066041013353,0.32143813519970865,0.6713452719778923
4319,0.00047936323850184865,0.0011226999284366193,0.40320772352572076,0.5951902133073408
5642,0.6497089886922864,0.3199843384038121,0.020740572978802548,0.009566099925098884
1492,0.4098946041648418,0.23951447265048206,0.17703411713362135,0.1735568060510546
4241,0.41812163028305566,0.575136972260325,0.002221193598181053,0.004520203858438211
9219,0.004010656379611036,0.009609899050256126,0.08810595786997032,0.8982734867001625
2853,0.21061601508149944,0.7438167093705483,0.011433116360299781,0.03413415918765244
8977,0.1743806525891883,0.8034922001089729,0.013961754677763985,0.00816539262407474
2350,0.7700029500491037,0.19285830179627472,0.003241222472285536,0.03389752568233591
5233,0.23104909514064403,0.7026751721303445,0.011942675077243805,0.05433305765176764
4656,0.20585546885935063,0.7858504966113647,0.0030388979576961824,0.005255136571588417
4599,0.49108158266334107,0.424629778295333,0.06253796314404568,0.021750675897280164
4323,0.11972248358235658,0.8377972358819399,0.02629920760470761,0.01618107293099578
7482,0.14049940114036205,0.8289901757058575,0.007503934937090808,0.023006488216689713
7329,0.11247369211332013,0.8454386983994263,0.020038055577522907,0.022049553909730606
7233,0.04263013085914914,0.3762214905801634,0.07554661860288314,0.5056017599578043
5514,9.764062501191927e-05,0.0006399486548346247,0.35925611769016397,0.6400062930299896
6197,0.0006338686956887313,0.0005601177788275024,0.11371430626565539,0.8850917072598284
6534,0.024603670282658013,0.13712581022880488,0.3300621048978391,0.508208414590698
7602,0.1432764069073312,0.8344400120711625,0.007428809193376025,0.014854771828130331
2316,0.5013030830127817,0.48507737853834104,0.010967290919803705,0.0026522475290736494
7357,0.001803059937311889,0.002699525578884993,0.2692537717345256,0.7262436427492774
7420,0.4319282201234081,0.5430972773924019,0.0057528943009271475,0.01922160818326285
8877,0.34217056868645773,0.6105552685617573,0.003930081982170588,0.043344080769614324
9235,0.39751288742304186,0.5408258087908153,0.03186897803207972,0.02979232575406319
3453,0.041397422681868856,0.051366193584273426,0.09870666580256954,0.8085297179312882
4633,0.4062312419050705,0.5584274875782983,0.021319858218234795,0.01402141229839641
4112,0.5886352325772221,0.3821216442368115,0.019355553698594617,0.009887569487371725
3967,0.40242253945436396,0.5713187492582784,0.014956444722801455,0.011302266564556152
1993,0.4734793576441608,0.38911960868687917,0.127465320518689,0.009935713150270899
5838,0.4520665386320087,0.46301975430862774,0.05440725842561611,0.030506448633747477
6860,0.11754970114402839,0.562063311964173,0.08942799902866752,0.23095898786313107
2568,0.5629433796409644,0.41694839068631523,0.016968095776873113,0.0031401338958472096
8562,0.019050586623949945,0.10137019175032846,0.08718755307220659,0.792391668553515
7187,0.45688465922007465,0.5364818495341726,0.0022573172549718535,0.004376173990780929
8838,0.05330560927127146,0.02079785455452041,0.29279021486867346,0.6331063213055347
1130,0.15640306271489243,0.15306425533433402,0.31669377697477386,0.37383890497599964
4082,0.016712928405545315,0.01605851177911258,0.11535186169130872,0.8518766981240333
6674,0.233689032569364,0.5489523866354322,0.02144819569797554,0.19591038509722822
6382,0.5995616838647193,0.38746948790762437,0.005289838096806837,0.007678990130849493
3182,0.10278787238857325,0.8889812026826222,0.004840390062648394,0.003390534866156132
2832,0.5679819990611917,0.3627557155587282,0.026883725805033194,0.04237855957504695
7672,0.1208392247225243,0.8649508271593558,0.0014948510038063792,0.012715097114313378
8000,0.4162744964287395,0.5613451172457405,0.0010033180615618713,0.021377068263958104
4985,0.0029775420946296836,0.005735795338527024,0.7658169617467978,0.22546970082004544
2395,0.26432201442931924,0.7151743889632549,0.005137862442886157,0.01536573416453965
9105,0.4283376947295863,0.5326873316458264,0.0056500147115390266,0.03332495891304828
4522,0.3208697665677329,0.6424127839103623,0.008625473508007837,0.02809197601389688
7456,0.6477514888810577,0.3469912720679492,0.0016717090734221782,0.0035855299775709774
5825,0.0010792422896547392,0.002317021479630932,0.09030290833931645,0.9063008278913979
8446,0.19352664996703245,0.7651293194350292,0.03181989941359291,0.009524131184345386
8449,0.16329459167149005,0.8266647296440548,0.007925850432543909,0.002114828251911295
5009,0.7222600919675207,0.273979874230934,0.001700753298370283,0.0020592805031750786
8113,0.0004427603181047058,0.0011806865482646017,0.13696334121674175,0.8614132119168889
2959,0.5477682252282237,0.44652852048429387,0.0027923334560362623,0.002910920831446172
1433,0.30231998549041883,0.6766125006039122,0.005982223145565585,0.015085290760103289
4901,0.6253657676519734,0.36701661888216125,0.006766403841027105,0.0008512096248382818
8232,0.6195283808417885,0.37400681931240176,0.004123781891498183,0.002341017954311496
8764,0.4336868299619049,0.5589819666577446,0.0039044513095407487,0.003426752070809727
5591,0.16664779662531093,0.7982056186601033,0.0033728455112809544,0.03177373920330478
2578,0.15441221177420897,0.776054488601773,0.011967362200464023,0.057565937423554155
852,0.5176930737842165,0.4282642244738025,0.00264768308244388,0.051395018659537044
5121,0.4412727243361352,0.3222780234770732,0.0763698231128939,0.16007942907389766
9442,0.0009992033414055622,0.009758107701884207,0.25728254775300674,0.7319601412037035
6599,0.7177526394605669,0.2675755345101326,0.008127876708845247,0.006543949320455338
6669,8.423669492035963e-05,0.0002942620171168832,0.26837504764539755,0.7312464536425651
4207,0.0011466751337568073,0.002277374909042125,0.2527724694362607,0.7438034805209404
7971,0.0019952902812517483,0.0011122261217911644,0.07462273716770959,0.9222697464292475
1964,0.6236917311619523,0.2120694910691133,0.034639003728289215,0.12959977404064524
4322,0.5744858087074183,0.407170927779144,0.003482993721033966,0.014860269792403904
8989,0.010150739807338247,0.013227597076525476,0.1697599051457208,0.8068617579704154
3363,0.36009089071762335,0.599544942124253,0.021832630779353022,0.018531536378770606
2243,0.3644988766276719,0.6011896855967074,0.012248974938358033,0.022062462837262663
3851,1.9729087413569686e-05,0.0001373799256736175,0.28030525580595955,0.7195376351809533
3928,0.0021167911066575476,0.0009544796515485384,0.3888284884674941,0.6081002407742998
1091,5.003023250287034e-05,0.0005427150563155775,0.1538602808041904,0.8455469739069911
4140,0.43005359728871134,0.49525389694711114,0.02089163958048047,0.05380086618369711
5884,0.0046360482438711605,0.008176199708085218,0.053378946338858715,0.9338088057091849
1483,0.13807541981132154,0.1706888641482933,0.13741856694692017,0.5538171490934649
4019,0.7546092109448477,0.21065832400739767,0.01020323219703738,0.02452923285071722
4221,0.5000457679667722,0.4834958861545083,0.006012319262655384,0.010446026616063895
2378,0.485873005149426,0.27830511943355,0.06969349936888071,0.16612837604814334
8088,0.1587827821087904,0.4184763273564807,0.24928395452777574,0.1734569360069532
2771,0.0008764924647061829,0.003237770186400586,0.10804895004209038,0.8878367873068028
3070,0.3374093477918832,0.6342039674443928,0.008842106861459722,0.019544577902264246
4388,0.5258748557162275,0.42938521408601094,0.017410461153154692,0.02732946904460691
8267,0.35552284944891727,0.4974785236023291,0.02354852808496888,0.12345009886378487
1363,0.017717353245997724,0.16851325283513383,0.2071676203978176,0.6066017735210509
1364,0.011492834540128869,0.11061662306662648,0.16859070722059147,0.7092998351726532
8309,0.0006613995503292494,0.0007507466231785351,0.0678624242513166,0.9307254295751757
6235,0.0014423948407361875,0.004940486409071461,0.24491350233202935,0.748703616418163
6148,0.0008330807475940363,0.0007623165847662837,0.09292683778206143,0.9054777648855782
2171,0.34222090452904175,0.6293694682657939,0.008372492474209188,0.020037134730955374
1720,0.262999535059388,0.7186797668613923,0.011481650559590901,0.006839047519628807
1117,0.37609933985525734,0.6110655682909505,0.00612230220173778,0.006712789652054293
5359,0.6628334649767672,0.18592700093573986,0.10704454659901501,0.044194987488477944
710,0.5790091885319216,0.39284052167314176,0.025487839353440095,0.002662450441496586
4595,0.01188067284892154,0.01166210977548803,0.1391675511277679,0.8372896662478225
347,0.014366534053388516,0.061229899886694424,0.5295910839276365,0.39481248213228054
16,0.000759376773717702,0.010053534367057042,0.02447814826639045,0.9647089405928349
6982,0.0005054518769058357,0.001470020626135144,0.11410731890510088,0.8839172085918582
774,0.05706565411018372,0.03890499128460652,0.06167342315560611,0.8423559314496036
8360,0.5510158755332596,0.39226538449484555,0.009962449066950565,0.04675629090494433
5501,0.004576526590108017,0.01929164392940461,0.5832914312440189,0.39284039823646855
6462,0.12682963229604716,0.7621130149273352,0.07082587065109765,0.04023148212552003
4184,0.00013817001878497172,0.0004939281926172594,0.2015393814920016,0.7978285202965962
3076,0.016693052636903804,0.011463385747426844,0.08828652384914076,0.8835570377665286
1849,0.1201363649719376,0.18798913275718016,0.39277557936825164,0.2990989229026306
4887,0.5188523575693239,0.27379632815009936,0.03891994402978429,0.1684313702507924
4747,0.29806056884443005,0.6581808480319983,0.03322463771143082,0.010533945412140826
2701,0.4035475622920618,0.5866905262762168,0.00188371877257772,0.007878192659143664
8008,0.2655562691505905,0.7245863101711254,0.001796470470545888,0.008060950207738329
6109,0.49728610481395763,0.48420694557566263,0.0044279615076281125,0.014078988102751582
5845,0.38046649314321296,0.6108120509784035,0.002148062411086001,0.006573393467297548
4435,0.8478528347114743,0.14451802930399935,0.0012389363852724667,0.00639019959925382
3802,0.5005318289765556,0.3138844452658391,0.07546846942106322,0.11011525633654205
2233,0.4145989493055521,0.4814758837870287,0.03015816044473888,0.07376700646268025
3806,0.015381501814676332,0.01410664663430954,0.3210371227545539,0.6494747287964601
2051,0.0025681562417464556,0.0022101292913453987,0.6296813439104689,0.3655403705564393
5327,0.7452737813069686,0.2489974039483276,0.0010351239576590638,0.004693690787044753
1247,0.2652307688018986,0.22101922712662286,0.16274876909195934,0.3510012349795193
6354,0.004340424210096286,0.05099197188773887,0.1324417934969375,0.8122258104052273
9045,0.9128234848560993,0.08619694487186191,0.00043679312761562287,0.0005427771444231785
9109,0.6059514378238683,0.3757654907645061,0.0013624364032518372,0.016920635008373916
3845,0.7046289327741778,0.20867958930266814,0.04290988051017186,0.043781597412982154
3376,0.7494921964100414,0.14367169708549826,0.030831548037344537,0.07600455846711571
3655,0.1630065104631245,0.10607817266202506,0.25429061201986963,0.47662470485498093
2361,0.03410920654851757,0.0665388755528904,0.2826587665548422,0.6166931513437499
3879,0.4607920445512084,0.2682138863481496,0.09213996175402958,0.17885410734661233
5499,0.022767210495831063,0.017514604139469026,0.7123479336045778,0.24737025176012198
2144,0.5408888402351903,0.37459297314297657,0.01450925470976081,0.07000893191207234
5959,0.7259421443200866,0.21051062945646204,0.03408728548759385,0.029459940735857438
7075,0.4932159005199697,0.4440142042745238,0.012660379422364046,0.050109515783142385
9103,0.09793045689297168,0.039876444111380534,0.287577370958502,0.5746157280371459
1429,0.48052857916923053,0.5009616589397516,0.010551688318914,0.00795807357210391
5335,0.938414538094891,0.05777687464251097,0.0019937287020997145,0.0018148585604983241
1450,0.011854965785718789,0.0072248806117005,0.34376143261412545,0.6371587209884553
1102,0.33538727263157136,0.6025281545544487,0.04641569991438278,0.015668872899597015
7646,0.5703585611228359,0.24185793507584247,0.01997964644757052,0.16780385735375117
6682,0.8356230619242939,0.15844893447797756,0.0032796399816148614,0.0026483636161136427
62,0.040856183700150414,0.022080022832750918,0.40612705878755706,0.5309367346795416
1877,3.7445773712933814e-05,0.00011713449100658239,0.01873897228454438,0.9811064474507362
369,0.678666500720546,0.16329363410399458,0.08175485793577622,0.07628500723968326
541,0.00820101651195363,0.04164303066081404,0.38135252236882955,0.5688034304584029
2545,0.00015053215966431794,0.0006110262393746855,0.5227246195865924,0.4765138220143686
8721,0.32937716149970225,0.6511788317115276,0.005484204184149471,0.01395980260462068
6057,0.4625994128355407,0.4518707395359513,0.004799125308956816,0.08073072231955118
6014,0.027369689738418,0.9445016417613796,0.0059346633411363784,0.02219400515906609
1478,0.5438936963338229,0.4413178748170878,0.009481930945542278,0.005306497903547045
3705,0.41143028875999127,0.5734953080789036,0.0085453442450736,0.006529058916031582
1868,0.33903130807495424,0.6441010108966444,0.004009380506303169,0.012858300522098173
3041,0.0008024474225280307,0.002374584216830078,0.22456817922129427,0.7722547891393476
8653,0.07133416571715938,0.29550073784223196,0.04642585648843583,0.5867392399521729
952,0.15372403138131172,0.06590672441631619,0.2636837094582507,0.5166855347441214
2128,0.2874625413366176,0.6752329399078001,0.016910879842187487,0.02039363891339477
5851,0.006507609284996081,0.028238715192484384,0.11857005094756874,0.8466836245749507
4493,0.45431903926211287,0.5111418057708668,0.025664750056879612,0.008874404910140682
3202,0.8599711122516398,0.07521560658091163,0.03488587687297588,0.029927404294472507
6262,0.07006977440399025,0.008348802796502153,0.4823031629299582,0.4392782598695495
595,0.0007457541837904408,0.0070109793380766505,0.13874693757385287,0.8534963289042801
955,0.1846644369805094,0.1624707597221945,0.3168750600463835,0.33598974325091263
3370,0.8364630969640404,0.15490869345771027,0.0023774456767109804,0.00625076390153842
2246,0.0006754875578176413,0.000389154244623957,0.019774244613370726,0.9791611135841878
1137,0.057247755726575374,0.2867547039742421,0.19660559304940414,0.45939194724977833
1410,0.001486579371912355,0.0005247152670705278,0.20796797563428226,0.7900207297267349
4526,0.37403934968636143,0.6047831953356704,0.006938620663957693,0.01423883431401059
1267,0.0005338027394345485,0.0032131188540579754,0.11929307128115084,0.8769600071253567
6479,0.46347401151365586,0.37252587865053616,0.10409428157890482,0.05990582825690303
3939,0.17255571785065218,0.23591914039057946,0.06238598337019761,0.5291391583885707
3064,0.3608022035123441,0.4838590119607922,0.13649748783952798,0.018841296687335776
6961,0.008107576460011817,0.03503115155532478,0.5940858458836685,0.36277542610099495
9268,0.4838431507578636,0.4197587866838042,0.07158259536356472,0.024815467194767335
1767,0.10972641152675502,0.1877704756266197,0.2921858170947914,0.4103172957518338
5698,0.6656173501562112,0.18703734616212636,0.07410687927270507,0.0732384244089574
2683,0.870722475799703,0.12737864122329165,0.001210937630551587,0.0006879453464536426
1741,0.016809361944094492,0.010382693052511506,0.13383680289778466,0.8389711421056094
7,0.02771836296203345,0.0037891583465882173,0.1914199187101147,0.7770725599812637
3102,0.0032063705145548684,0.004024684507000076,0.040251699342028324,0.9525172456364167
8639,0.08215805560745862,0.0346170782523146,0.4265709678585615,0.45665389828166536
412,0.0007651557961282419,0.001845046501741254,0.046133618902798726,0.9512561787993317
4678,0.71754014722372,0.22927496536753797,0.014523483227922039,0.03866140418082009
1256,0.0017082893105300535,0.0007816122638156767,0.44135887979781674,0.5561512186278376
3649,0.3877025840792308,0.438194061719953,0.033627127150146624,0.1404762270506695
8335,0.00269893667916832,0.0027943972943817812,0.763813493235227,0.23069317279122292
4354,0.4478255591957342,0.49180098377296544,0.015283645984439131,0.04508981104686134
3486,0.6508000766307875,0.34257201760374284,0.002399369111386026,0.004228536654083535
6138,0.000986570485556114,0.00736636863478407,0.4350809137186027,0.5565661471610572
2956,0.00038653388270513045,0.0010520397163808744,0.21256207654798806,0.7859993498529259
5345,0.8418233812601559,0.15386921483968014,0.0033664038043976076,0.0009410000957662406
8542,0.024116331399042228,0.16054668178104944,0.2657500542967595,0.5495869325231488
8165,0.39160432083466656,0.5937061178422438,0.01016869504397676,0.004520866279112647
2662,0.46641052867344013,0.5240423873732185,0.008124748607010476,0.0014223353463309698
8100,0.003507653621941342,0.01034518959780636,0.2601402445499218,0.7260069122303305
3358,0.4633282033836589,0.5291205715657281,0.003826102889529131,0.0037251221610839456
4765,0.0021801097245964913,0.002104136434623921,0.22764355594121466,0.768072197899565
8437,0.48589108266598435,0.4844564579953801,0.010078569517136067,0.019573889821499376
8162,0.6985706005746706,0.28163753824648236,0.010443097019881173,0.00934876415896588
7644,0.3118102159253343,0.6820405819071228,0.0036050684939666236,0.002544133673576265
3688,0.7438986073579096,0.23816503704656836,0.015109455545787845,0.0028269000497344273
5044,0.1613672732803605,0.7893854552103537,0.001597689420304935,0.04764958208898079
759,0.15822486872058256,0.24719686010651096,0.19415016991191444,0.40042810126099193
1428,0.0032262825815950157,0.015455206644566443,0.3310836462304216,0.650234864543417
3668,0.060253979963993134,0.19613953169809317,0.10902488813626916,0.6345816002016446
1275,0.9000571134898115,0.09325402957684686,0.002461841386119519,0.004227015547222139
7195,0.6862269630035814,0.2811138619160951,0.009158093310117521,0.02350108177020599
5281,0.07755702247761805,0.05455782454039404,0.41730916314989724,0.45057598983209063
864,0.024694090085598152,0.13625039309582132,0.4235521010271704,0.4155034157914101
996,0.5595207025775147,0.4336255188672427,0.0037414116844942764,0.0031123668707483195
2263,0.2426098890141024,0.40783473542323145,0.19109738782306804,0.15845798773959813
4503,0.0006270270192686737,0.0001773494771349573,0.20706940513137695,0.7921262183722194
4519,0.6304047746829782,0.36625762201907835,0.0019148751617263364,0.0014227281362170258
8308,0.00805681048045939,0.004146937411093001,0.4073573053569783,0.5804389467514693
8853,0.5509617575867707,0.3358790761955522,0.03604165462178962,0.07711751159588755
1497,0.9385017238303153,0.03813708279576558,0.014888850650581086,0.00847234272333786
734,0.6945862858924283,0.2938232346415203,0.00726351197330108,0.00432696749275023
5060,0.5454973410644438,0.22360566509597882,0.2168986795831071,0.013998314256470438
3988,0.40346389095298085,0.5884601444559803,0.006663432068550766,0.0014125325224880491
3299,0.03371911564981078,0.03557379785743757,0.5938864162793784,0.3368206702133732
2211,0.6165515135975044,0.3009858875946486,0.032351867572205845,0.05011073123564109
1517,0.03732569448969376,0.22328746657175008,0.2875898402329649,0.4517969987055913
221,0.04181845807777094,0.10866136401797578,0.6452229038743521,0.20429727402990125
7808,0.007126000846877378,0.012417090273659183,0.773535874116774,0.20692103476268944
843,0.027294202010673275,0.16594871382850732,0.04343922731661158,0.7633178568442077
1259,0.002049636995441876,0.008409151709207772,0.06900986485297436,0.9205313464423759
1464,0.42255826146777303,0.5323850903710788,0.030986861640936704,0.014069786520211425
53,0.0012969095493038565,0.0061632594637787835,0.061494788967149834,0.9310450420197676
1566,0.5467140034764663,0.35529608715952327,0.015698592792854266,0.0822913165711562
3679,0.32792937668745714,0.637101259917725,0.007583779625802531,0.02738558376901529
3388,0.0019829989186876122,0.01058052766041207,0.08170289835492167,0.9057335750659786
9182,0.000656003381977369,0.007638774698918823,0.5287106093064678,0.46299461261263597
6015,0.2784242047882204,0.5295358916159494,0.07711993932258117,0.11491996427324906
8012,0.032457344565000455,0.17667910914865106,0.06776449365669604,0.7230990526296526
3148,0.03810559875021606,0.04190955274687033,0.6379551144984043,0.28202973400450937
3257,0.3602214501312464,0.5787441298715439,0.001546407801762182,0.05948801219544748
8915,0.0019118343020570778,0.0010695961441297237,0.20171124193453943,0.7953073276192738
3267,0.00015608166976174,0.0007141229974723317,0.06197929758116706,0.9371504977515989
3307,0.11731406592051018,0.8458424972192949,0.025396301608201163,0.01144713525199364
4002,0.20249891347128932,0.7714671313213389,0.0029109738339748253,0.02312298137339689
1793,0.5834384348687666,0.37936572515202044,0.026247876225058364,0.010947963754154768
8750,0.3826302637622226,0.5970496676862374,0.0024953517133121995,0.017824716838227908
5138,0.16583661432174152,0.6759379847905322,0.037388923174863656,0.12083647771286271
6507,0.0005065588930961246,0.0043612662184766005,0.21706872393115784,0.7780634509572695
468,0.01837420419524359,0.03749085046532689,0.050604579846622665,0.893530365492807
8626,0.5098548615711713,0.4636774757172444,0.019581842709578523,0.0068858200020057644
7778,0.0104947589230958,0.03955312039804019,0.14037274530955765,0.8095793753693065
7763,0.10481950445543899,0.5879611492727795,0.10459221358837972,0.2026271326834017
3811,0.2277622903335924,0.7598495229080044,0.006780795098574953,0.0056073916598282855
6490,0.00211265702847286,0.005486421960984985,0.3518509393842989,0.6405499816262432
4806,0.4777263312493783,0.5135556436664032,0.004539125736306657,0.004178899347911713
8342,0.5366119649982103,0.459150775083314,0.0016332349886305152,0.00260402492984518
8049,0.39163679863828665,0.5484104890538759,0.004571787014005194,0.055380925293832144
4880,0.3558800313151686,0.5508167802674502,0.010194510857252998,0.08310867756012827
6853,0.0032713780464343365,0.028893612888169842,0.04151750546142451,0.9263175036039712
6172,0.004161425861251843,0.01592401434136864,0.16361184063095183,0.8163027191664277
8552,0.4511303589680254,0.5252191527118224,0.015228465019939005,0.008422023300213138
2117,0.3695740841390893,0.5872187652283798,0.013634452717103038,0.02957269791542791
4588,0.000502949210931831,0.0002979539396866068,0.27169451106311154,0.7275045857862701
5939,0.024122699394456895,0.12409162092995023,0.20773843928408872,0.6440472403915042
1489,0.30470816106310983,0.6273408560581242,0.012140578285410927,0.05581040459335508
2968,0.0609809225789783,0.6125937553697444,0.020050110561764704,0.30637521148951274
8206,0.07590854276049663,0.66851288631118,0.07388628853195449,0.18169228239636898
3285,0.13881420762232075,0.7538591169841876,0.04731618714021065,0.060010488253280946
9092,0.15988697409732344,0.794483091602088,0.019685660839434765,0.025944273461153782
3843,0.5968166331556347,0.3129386571521564,0.02504386589729626,0.06520084379491253
9142,0.4278457899136826,0.5592819897687209,0.004737811618594677,0.008134408699001821
6725,0.19769392561962035,0.4029274270823711,0.16835805596150524,0.23102059133650338
4499,0.29460924765007684,0.18405021089377016,0.16818102956629935,0.35315951188985373
8188,0.1979432818936707,0.19682050109177837,0.06884398857138076,0.53639222844317
5095,0.061833395584430156,0.9336539036099263,0.001745915264475722,0.002766785541167969
8264,0.4329563258155383,0.4268983750816724,0.027762855624080433,0.1123824434787088
8262,0.15770308476715314,0.37712978104089107,0.15952515521367927,0.30564197897827655
2512,0.4598257461740198,0.5332016261015795,0.003899644656782253,0.00307298306761852
3368,0.30731336190395886,0.6834526460838408,0.004986283939891835,0.004247708072308557
2484,0.10562188702486354,0.854607421003387,0.00494571385819055,0.034824978113558655
8159,0.01050074494273785,0.021855182016207803,0.16306469902649004,0.8045793740145644
5352,0.1492179550142952,0.7874916902240243,0.017754095966123772,0.0455362587955567
1833,0.2479190750476545,0.7156736033549166,0.007556038639607893,0.028851282957821092
2401,0.0007028221765961685,0.0032618062693744207,0.3902268983846194,0.60580847316941
4959,0.7481402421097955,0.24911547278922566,0.0011554813356020994,0.0015888037653769096
4960,0.627698032248159,0.34303398746720365,0.021948146437842018,0.00731983384679528
3167,0.03673994598706284,0.05671254640055344,0.14734161388157904,0.7592058937308046
3894,0.24480976959289166,0.7211910271968042,0.024020967300089114,0.009978235910215093
7016,0.00042590834479867194,0.012249567679435174,0.05708964975102095,0.9302348742247452
4686,0.40047895277022766,0.5787036566603814,0.005524432189434289,0.015292958379956593
5957,0.44092628327390165,0.5505744413147919,0.002605459472091489,0.005893815939214875
8504,0.424531127422647,0.5689887020071139,0.0008779677938436736,0.005602202776395384
7879,0.010629873940847016,0.1888599748354934,0.030698925038246505,0.769811226185413
8809,0.06619287413585333,0.7183751070911798,0.017233562064379985,0.19819845670858682
8741,0.2041086397667755,0.7602805292992115,0.005847153937201006,0.029763676996811914
9162,0.5071084771729925,0.4672132592070037,0.0018992828591190645,0.0237789807608849
9450,0.6083484073860854,0.36444868363260774,0.019178419037084716,0.008024489944222248
1568,0.04505204129757805,0.20138382360718865,0.03823069243418624,0.7153334426610471
1510,0.17651169317649182,0.4835770000851568,0.26009798938884104,0.07981331734951017
2442,0.3344862798469218,0.22396770019223924,0.2331534392495182,0.20839258071132066
898,0.8124600207046407,0.18016749316304978,0.005986969803461037,0.0013855163288485173
1987,0.06750734250256293,0.6975065138520848,0.04364108668903395,0.19134505695631843
8086,0.0745267163785956,0.33939126702469147,0.16565671998070314,0.4204252966160097
2586,0.19524176322711784,0.7406604327335937,0.028134742406784655,0.0359630616325038
8457,0.004593516725191293,0.00441930321127023,0.10407357527245753,0.886913604791081
477,0.006912042248125376,0.012857284383636331,0.13842766579939975,0.8418030075688385
4063,0.2761240386251498,0.7154338143655413,0.001963645199572098,0.0064785018097368
5494,0.15315914898114244,0.8287093867950649,0.007345787320906272,0.01078567690288637
6466,0.5700579519620594,0.37657433229569,0.017364710685903867,0.036003005056346724
9372,0.5051954453762583,0.4880864558064781,0.0020135522654229528,0.004704546551840607
6837,0.25202081878339827,0.5696301226553261,0.03715379981218736,0.1411952587490884
5531,0.3450640629605633,0.6399463651066235,0.009981666191883955,0.005007905740929188
3888,0.0526035842959994,0.07196533688763465,0.08662196445653766,0.7888091143598283
5538,0.5157728416856229,0.47457819001590634,0.004546219934133223,0.005102748364337387
4228,0.10072254979246983,0.8443375490550337,0.009703386168548328,0.045236514983948206
1527,0.0011618245560541622,0.008135623715259697,0.22230195594109664,0.7684005957875896
8477,0.26942991926450927,0.3965806020238167,0.10693394280896444,0.2270555359027096
7422,0.40657338669106374,0.5558696976728013,0.007243494720257678,0.03031342091587741
2129,0.0007658408087387064,0.004818062007116449,0.11615578831559428,0.8782603088685506
6903,0.2861935318409573,0.6349210392372768,0.02677100240713525,0.05211442651463055
5119,0.41789252379370534,0.43954743352057857,0.003959047889484586,0.13860099479623156
8305,0.6158539587817001,0.344621696682332,0.0045027104716877505,0.03502163406427997
5888,0.3999235817285516,0.5131162243972125,0.03471654268657066,0.052243651187665364
3389,0.3640556684018525,0.624317266909323,0.003215824324350117,0.008411240364474434
5680,0.4638506965925334,0.5260113593633359,0.0038039923843769144,0.006333951659753861
8932,0.28455040467719417,0.4671166112810839,0.06521992496128436,0.18311305908043754
2420,0.2922733441381654,0.686161322375569,0.008348234643272116,0.013217098842993462
8237,0.06842423072704679,0.12070390537074681,0.5484665022642747,0.26240536163793166
8130,0.5902090167968199,0.3931438605423647,0.007947640612791686,0.008699482048023852
9185,0.9053342507505054,0.09367919920153756,0.0003324236509732529,0.000654126396983724
9184,0.42901772708425595,0.5649728925198683,0.002966222751609674,0.003043157644266087
1089,0.3595915579560731,0.6006974047361349,0.018875238462441872,0.020835798845350164
4060,0.0003570432894791956,0.0012507849528395109,0.1547122948527381,0.8436798769049431
6471,0.010681286346597926,0.027139106454204642,0.17929950903527958,0.7828800981639179
587,0.0020837555360243174,0.007197491991185387,0.17832733082006502,0.8123914216527253
1601,0.008802854975161626,0.0011138273951744994,0.16114313894860097,0.8289401786810628
994,0.1983198984588706,0.6738712725508015,0.04267035447110527,0.08513847451922271
3005,0.17821423082045398,0.37261398492447917,0.11991275363480776,0.329259030620259
2238,0.7195756946655223,0.26362192875761625,0.009440961182874456,0.007361415393986982
6985,0.06329015278777146,0.26339491411157573,0.03708891427069534,0.6362260188299574
5561,0.5984740429723726,0.3866704698551181,0.002681442765655154,0.012174044406854156
1481,0.15473875046877733,0.12074616736820373,0.3073802363206327,0.41713484584238625
2834,0.0024020538477262515,0.0008480390790820081,0.20828342991013254,0.7884664771630593
4106,0.00013568530635516227,0.0003957230226074383,0.03255038387256864,0.9669182077984688
1890,0.5739102877222159,0.3417855749517764,0.004827093557139184,0.07947704376886848
2489,0.09998825898941997,0.09432198559924497,0.1475004183067307,0.6581893371046044
4702,4.9890162253150584e-05,0.00013953310322380535,0.12551638563514744,0.8742941910993757
573,0.7287299103762667,0.26597537781295083,0.0022779111420800505,0.003016800668702509
2610,0.00406785599026716,0.019634241905053945,0.06323650882952697,0.913061393275152
1580,0.38255694272610485,0.4641353739779995,0.11117107137043214,0.042136611925463495
5649,0.376355759499428,0.5617570323321165,0.05382492079307079,0.00806228737538475
4457,0.35837142954976114,0.6054508085533018,0.022534972909416702,0.013642788987520254
3123,0.46104849171473844,0.5096030093508227,0.0034861967316856374,0.025862302202753155
1983,0.584440913627762,0.35817334444370585,0.02872573173047718,0.028660010198054933
6310,0.3138851341953046,0.6730791403037878,0.00658232463837776,0.006453400862529966
1179,0.5066250008433069,0.47700665354666727,0.006980005933302088,0.009388339676723695
1465,0.4932811423618536,0.4855552457575495,0.0037002663590480944,0.01746334552154903
2793,0.6387603765031924,0.3226640135175549,0.024067010350267246,0.014508599628985557
3611,0.3977308263512587,0.5862174295271466,0.006533183113495331,0.009518561008099292
8191,0.49773174473632165,0.473823182820395,0.004764493959785068,0.0236805784834984
8261,0.7020347535515783,0.28495815284337095,0.0031453397804206717,0.009861753824630082
8885,0.35299651751328537,0.27457114531768945,0.00868342312750986,0.36374891404151544
3738,0.16309970429148737,0.33529039353500634,0.08961301576594548,0.41199688640756066
8032,0.4702797575956697,0.519698037009413,0.003031280319982546,0.006990925074934771
7530,0.2632533609906196,0.13558351290318169,0.11962990837928206,0.48153321772691676
6897,0.0007699656162104751,0.0018852936300844485,0.5574013119558322,0.4399434287978728
4757,0.5946479642152372,0.33606286207119823,0.04384594635940843,0.025443227354156113
6314,0.0039635755280698496,0.007671911672469328,0.43608361863633954,0.5522808941631212
8543,0.2773471542639826,0.45305639968653083,0.13644376422598722,0.13315268182349937
746,0.012262360791083345,0.005175876173950979,0.17159219442894275,0.810969568606023
1570,0.20301697150194717,0.6745343388579059,0.07895611223131593,0.04349257740883097
5860,0.03732177840424506,0.028546733926373805,0.3524386858537352,0.581692801815646
6406,0.5838770547748008,0.4000350868642385,0.001755385135884718,0.014332473225076038
5072,0.5295008378429885,0.4390945252678334,0.004710253803981999,0.026694383085196078
7989,0.7192931689212587,0.22574843179826445,0.0197016408966647,0.03525675838381194
4554,0.22042091337420286,0.6019983859482526,0.061888528081234066,0.11569217259631051
8377,0.4731406907890943,0.49363518957425856,0.02846204210198717,0.004762077534659968
4723,0.1171697334308777,0.24267298902503395,0.2086154050909516,0.4315418724531368
5949,0.001354061702808642,0.005595499480404029,0.7871131505369435,0.20593728827984392
9403,0.16734117840525045,0.7272522884377748,0.06084544965529877,0.044561083501675924
3057,0.6217596285367016,0.3714843060853116,0.005223573834825683,0.0015324915431610517
1486,0.26017582772288805,0.7068871635951831,0.02338705832228624,0.009549950359642536
7248,0.4582144194683707,0.42167475961831563,0.055754839698334134,0.06435598121497939
273,0.022545744781735075,0.004956602956534628,0.24684691005779283,0.7256507422039374
1019,0.5747554314218832,0.4230129078802416,0.0006952189635503707,0.0015364417343246776
3712,0.005550936476218269,0.016852328047732856,0.4445202483850392,0.5330764870910097
8381,0.13842709712004986,0.8485171392911474,0.005428815964702786,0.007626947624099982
1916,0.17412311966605984,0.7587260120355185,0.0470406692305011,0.020110199067920654
7135,0.6669918948671486,0.2832382967990898,0.020866084998313147,0.0289037233354483
6443,0.544099234021106,0.3933166988886839,0.02737618349901392,0.03520788359119622
3690,0.35017144612807205,0.33288258369258095,0.18417145252440723,0.1327745176549397
37,0.4974056963630708,0.3400869441489441,0.11379817818427407,0.04870918130371111
6764,0.013984495879882411,0.017827321914648277,0.2627634761558051,0.7054247060496641
4142,0.004582067777690349,0.002912383257724103,0.35436717311845534,0.6381383758461302
4482,0.24411055237879822,0.5122827826038336,0.2174628512204927,0.026143813796875304
4719,0.5042987774705817,0.4243794209832299,0.024077827850266877,0.04724397369592157
3109,0.4106971379016885,0.5746858720870675,0.012406726160927098,0.002210263850317039
4467,0.15184582687547235,0.7944177496952897,0.018360300726743946,0.035376122702493955
6789,0.6427400360934623,0.31932669465845487,0.017596088647482553,0.020337180600600212
5311,0.28639746329992755,0.5902989820853596,0.07336175319823664,0.0499418014164763
2934,0.47868849097445365,0.4130408397826496,0.07556113481931932,0.03270953442357746
836,0.003379805192062122,0.01216603935065864,0.12164228976493073,0.8628118656923486
907,0.3319540101583963,0.47269444008947076,0.02910549190923857,0.16624605784289434
307,0.0954103899824287,0.10290374530540693,0.09778895272208152,0.7038969119900829
8546,0.8627409927883222,0.13143281268200654,0.004282544601093801,0.0015436499285773951
9075,0.029958159956202126,0.6699924746679681,0.13304823534139806,0.16700113003443176
2707,0.5171636333239955,0.47128198491125217,0.008268789673651885,0.003285592091100438
550,0.6096441337306322,0.3740160519974019,0.011916011545143467,0.004423802726822277
6798,0.55730561703246,0.2334549812492852,0.021011447235089038,0.18822795448316576
1848,0.6138535227465586,0.3068268583040952,0.05897728085196523,0.020342338097381
1773,0.9022756150876843,0.09580694825720124,0.0013097409093441063,0.0006076957457704195
2745,0.5447258066762753,0.31932868626082717,0.060567862282818366,0.07537764478007891
4121,0.8270244502577739,0.16614238627604208,0.004536299414714395,0.002296864051469481
3860,0.49475464521691664,0.47318339754091254,0.02578372449772095,0.006278232744450022
8742,0.2418796793437539,0.06965702725214341,0.2744154206913318,0.4140478727127709
6362,0.00023483152850870332,0.0010407493852943662,0.046277904508909826,0.9524465145772872
5654,0.9000593393672845,0.09902548339526505,0.0007303038747959844,0.00018487336265440735
4088,0.5374750634203876,0.40848536858204254,0.03472152031888584,0.019318047678683996
4267,0.00825984781366317,0.0016187091280985963,0.0497846226920946,0.9403368203661436
6411,0.0032167676887444687,0.0010950144721322017,0.20515523813815548,0.7905329797009679
4005,0.6525315127236468,0.3422453876165157,0.0016458540506234319,0.003577245609213962
8884,0.7223644183237815,0.26245738981130545,0.011196176945331681,0.00398201491958143
8767,0.0013786715771484494,0.0017527625979771974,0.14441943875653784,0.8524491270683364
1633,0.005364276336339011,0.05151878858347648,0.15724581357380127,0.7858711215063833
6374,0.7545698906592998,0.24363406264143952,0.0014309487190751152,0.00036509798018540955
5135,0.18718797905818937,0.7833347723538123,0.014557626596189498,0.014919621991808976
912,0.23976933734820396,0.49806330720204306,0.10422298385596061,0.15794437159379238
7128,0.09587382173888181,0.09045383782771854,0.14775113670335077,0.6659212037300489
4276,0.0010895993434525192,0.00043034728829966705,0.0889155230701244,0.9095645302981235
8304,0.7174816180996947,0.2594545976214424,0.013095353707093364,0.009968430571769571
9422,0.069365225894931,0.11276051657871622,0.3702559861383711,0.44761827138798166
4745,0.8237104361032516,0.1688180500592809,0.006522080338525259,0.0009494334989421772
523,0.0543495076388938,0.07222906448357046,0.4145421445058229,0.4588792833717128
209,0.0012954404262612408,0.0006840323400178359,0.27757163853052946,0.7204488887031915
8590,0.24537638059770894,0.14386449577231808,0.4050558822592735,0.2057032413706995
7198,0.06152990631246859,0.0449121084330251,0.5930846354306784,0.30047334982382795
5371,0.006627528439937979,0.011760489326851828,0.22814739540809284,0.7534645868251173
2438,0.0023846486207191055,0.013181143111408021,0.14953348294970414,0.8349007253181687
4387,0.3444173638392985,0.5938171886817606,0.039368508444487464,0.022396939034453535
7171,0.42778382260620096,0.5660026867616266,0.003977997367794498,0.0022354932643779833
5334,0.15931629294001565,0.8097316477486707,0.016475207246982274,0.014476852064331592
5663,0.00543455203236514,0.009353180433880169,0.14628767714637297,0.8389245903873817
5911,0.03445436903579596,0.006820985969930887,0.7435047032169406,0.2152199417773325
5908,0.23055666718723766,0.612512913470845,0.09094417295421577,0.06598624638770152
4222,0.4013808739893428,0.5800832748311697,0.01147844002832976,0.007057411151157743
527,0.6523047919972687,0.2895932001450849,0.02945783335203259,0.028644174505613816
9231,0.4385142956489675,0.1210597153894563,0.0796721041745829,0.36075388478699344
2901,0.5475923741199632,0.32375191398481984,0.10284160207979488,0.025814109815422145
3645,0.30563786098079826,0.41547824454552623,0.09158706917396896,0.1872968252997065
3644,0.713070781675485,0.27913781491861656,0.003326317413769116,0.004465085992129373
3403,0.44624867517582717,0.3647439281942926,0.10819277840441047,0.08081461822546994
280,0.04276068715837634,0.053722959377412144,0.15389185168356978,0.7496245017806417
839,0.7020379741606937,0.23565591808042333,0.037384001302880374,0.024922106456002666
7710,0.25626210435782987,0.12204240758209557,0.1467538373336632,0.47494165072641137
2688,0.0018207595071487086,0.004100652437387226,0.028935318685345407,0.9651432693701187
1940,0.35114774364155293,0.316762582968381,0.08862698154694287,0.24346269184312316
2828,0.025378228423126727,0.007907560947283872,0.3118697351240989,0.6548444755054904
6730,0.24789291131781444,0.739119725914802,0.007365831992274134,0.005621530775109325
7740,0.8422673383883192,0.14552235137483727,0.004878319138216144,0.007331991098627488
6896,0.0005535547985137443,0.00042685656750565204,0.5840567563469122,0.4149628322870684
2927,0.9557219142797002,0.04230181029336615,0.0014702171353480112,0.0005060582915856117
3025,0.5710768428548308,0.397956743302226,0.026866383578310775,0.004100030264632391
617,0.05201819604766839,0.026263998479285934,0.4158758276523784,0.5058419778206673
7948,0.9286393441713506,0.07025854711844484,0.0007862605221268042,0.0003158481880775943
8534,0.8246840503387896,0.1677130802281938,0.003342531501990247,0.0042603379310263935
7071,0.7179841927106534,0.26600734857087693,0.010800438416052582,0.005208020302416965
3998,0.18864495118174426,0.8037306071716321,0.003797756451553969,0.0038266851950696204
7230,0.4825737653314462,0.5043721777525089,0.004715515771940181,0.008338541144104664
4843,0.5925964669757934,0.3818977440923742,0.0165593684091403,0.008946420522692181
5378,0.6595136160885028,0.3348219531276483,0.0029481356823947646,0.0027162951014542496
1786,0.8334490592931292,0.16453137898175169,0.0009442099669517525,0.0010753517581673475
3484,0.7821110570378021,0.16081617197438614,0.01909088343220401,0.03798188755560781
5615,0.7868975125797266,0.20203930017312538,0.007870204099256988,0.003192983147891114
4065,0.7058742293468752,0.26875866798839554,0.01823051672952552,0.0071365859352036055
4265,0.5052045760541743,0.45117548642808897,0.03155471529938438,0.012065222218352389
5174,0.0015923406850164065,0.01195393319464347,0.3502196549906511,0.636234071129689
6844,0.5779807191950365,0.38705795465768295,0.0216143553577166,0.013346970789563992
4533,0.956311577551979,0.04264003537707716,0.0007682663789225791,0.0002801206920212382
2963,0.23086822489866993,0.058705151118658996,0.38404584909469003,0.32638077488798106
7438,0.692736936909842,0.1073970220791472,0.12643532769908716,0.0734307133119237
295,0.025585398026590895,0.015623028188603566,0.3314807757084969,0.6273107980763087
2592,0.44623578787285384,0.47651623979173163,0.05484465227242336,0.0224033200629911
54,0.03836885987300148,0.034817768996422575,0.16291868599651557,0.7638946851340603
59,8.386102866177196e-05,0.0011672215646937943,0.17757923848267826,0.8211696789239662
8312,0.583146110055833,0.28822096571247935,0.04853372172828428,0.08009920250340359
8576,0.01629844792819991,0.015220997053778789,0.3643392455259099,0.6041413094921113
2353,0.301517799819179,0.6875502456812309,0.005004003043254293,0.005927951456335748
5045,0.6622905672793525,0.30938901085573584,0.020252289579232325,0.008068132285679258
4737,0.00012406324066373015,0.0007236427205862382,0.8564447859771372,0.1427075080616127
6589,0.16463059391870144,0.8244293965364837,0.006096978977752227,0.004843030567062613
9123,0.0026811303881174595,0.0005535895956840678,0.22910156833398526,0.7676637116822133
409,0.07453502327550017,0.03911274523000687,0.504836669698951,0.38151556179554186
1734,0.5697053768488199,0.4260576577238458,0.0017330554535684077,0.0025039099737659276
1265,0.7298316061194935,0.16002204683199175,0.05958025864052262,0.050566088407992156
1290,0.6887799551578992,0.3038033739042561,0.00464347253845041,0.0027731983993941286
6210,0.6600448581374893,0.29028448676152135,0.019081195031536737,0.030589460069452682
6093,0.8536896748418494,0.10019596835385976,0.036600848920480905,0.009513507883809936
4932,0.0012739376691290687,0.0005667079261696073,0.5311591258073652,0.4670002285973361
2791,0.6712564457891046,0.307667900569012,0.014937879827460815,0.006137773814422552
4749,0.43005743849531175,0.4692653942481144,0.03698177799836874,0.06369538925820524
1638,0.8616133537471956,0.13380603337989325,0.002406460472984304,0.002174152399926793
7724,0.14393633291566832,0.8204653472440335,0.004684093230337284,0.03091422660996092
4124,0.16256332749536204,0.8275248078368711,0.0021728750657726724,0.0077389896019942886
4479,0.31473931649577347,0.6767114504136784,0.0011649578802739862,0.007384275210274087
7845,0.3944550665344525,0.5887309165652443,0.003777052806209665,0.013036964094093514
3810,0.2285649105820234,0.7556787284099115,0.003614983401340956,0.012141377606724237
7290,0.0007454744696004897,0.014212455512882383,0.48636555490061156,0.4986765151169056
4108,0.6677220771012573,0.31601860828568756,0.00607624907968737,0.010183065533367685
6331,0.1847717338408407,0.798438591694662,0.006490961356390178,0.010298713108107092
7699,0.0009842987123688271,0.00560854693716326,0.1961772412875154,0.7972299130629525
5541,0.14009835114954175,0.8542239585292882,0.002059896028229772,0.0036177942929403444
3678,0.19101662294098432,0.7804544547143366,0.018088362086178384,0.010440560258500603
6885,0.24677116663885704,0.6982819993077786,0.038984318268459356,0.015962515784905054
2245,0.28735083693933167,0.655184903411301,0.013118494684029857,0.044345764965337486
5651,0.7861927758102744,0.20011426915759584,0.005120644028376625,0.00857231100375316
6463,0.08285758120453456,0.8404901362065514,0.01963405137108874,0.05701823121782533
1508,0.3770142911606571,0.5167597457675206,0.03230260209397893,0.07392336097784338
8385,0.5854179121440225,0.4107715912460339,0.0018740019475685964,0.0019364946623750604
